[{"model": "contenttypes.contenttype", "pk": 1, "fields": {"app_label": "admin", "model": "logentry"}}, {"model": "contenttypes.contenttype", "pk": 2, "fields": {"app_label": "auth", "model": "permission"}}, {"model": "contenttypes.contenttype", "pk": 3, "fields": {"app_label": "auth", "model": "group"}}, {"model": "contenttypes.contenttype", "pk": 4, "fields": {"app_label": "contenttypes", "model": "contenttype"}}, {"model": "contenttypes.contenttype", "pk": 5, "fields": {"app_label": "sessions", "model": "session"}}, {"model": "contenttypes.contenttype", "pk": 6, "fields": {"app_label": "system", "model": "userprofile"}}, {"model": "contenttypes.contenttype", "pk": 7, "fields": {"app_label": "system", "model": "menu"}}, {"model": "contenttypes.contenttype", "pk": 8, "fields": {"app_label": "system", "model": "role"}}, {"model": "contenttypes.contenttype", "pk": 9, "fields": {"app_label": "system", "model": "structure"}}, {"model": "contenttypes.contenttype", "pk": 10, "fields": {"app_label": "system", "model": "userinfo"}}, {"model": "contenttypes.contenttype", "pk": 11, "fields": {"app_label": "authtoken", "model": "token"}}, {"model": "contenttypes.contenttype", "pk": 14, "fields": {"app_label": "system", "model": "album"}}, {"model": "contenttypes.contenttype", "pk": 15, "fields": {"app_label": "system", "model": "track"}}, {"model": "contenttypes.contenttype", "pk": 16, "fields": {"app_label": "system", "model": "useraddress"}}, {"model": "contenttypes.contenttype", "pk": 17, "fields": {"app_label": "system", "model": "albumimage"}}, {"model": "contenttypes.contenttype", "pk": 18, "fields": {"app_label": "system", "model": "usermessage"}}, {"model": "contenttypes.contenttype", "pk": 19, "fields": {"app_label": "system", "model": "category"}}, {"model": "contenttypes.contenttype", "pk": 20, "fields": {"app_label": "system", "model": "good"}}, {"model": "contenttypes.contenttype", "pk": 21, "fields": {"app_label": "system", "model": "userfavorate"}}, {"model": "contenttypes.contenttype", "pk": 22, "fields": {"app_label": "system", "model": "banner"}}, {"model": "contenttypes.contenttype", "pk": 23, "fields": {"app_label": "system", "model": "cart"}}, {"model": "contenttypes.contenttype", "pk": 24, "fields": {"app_label": "system", "model": "order"}}, {"model": "contenttypes.contenttype", "pk": 25, "fields": {"app_label": "system", "model": "ordergood"}}, {"model": "system.menu", "pk": 1, "fields": {"create_user": null, "create_time": "2020-06-24T19:50:00Z", "update_user": null, "update_time": "2020-06-24T19:50:00Z", "name": "\u7cfb\u7edf", "menu_type": 1, "parent": null, "is_top": true, "icon": "", "code": "system", "url": "system"}}, {"model": "system.menu", "pk": 2, "fields": {"create_user": null, "create_time": "2020-06-24T19:50:00Z", "update_user": null, "update_time": "2020-06-24T19:50:00Z", "name": "\u83dc\u5355\u7ba1\u7406", "menu_type": 2, "parent": 1, "is_top": false, "icon": "", "code": "system/menu", "url": "system/menu"}}, {"model": "system.menu", "pk": 3, "fields": {"create_user": null, "create_time": "2020-06-24T19:50:00Z", "update_user": null, "update_time": "2020-06-24T19:50:00Z", "name": "\u83dc\u5355\u589e\u52a0", "menu_type": 3, "parent": 2, "is_top": false, "icon": "", "code": "system/menu/create", "url": "system/menu/create"}}, {"model": "system.menu", "pk": 4, "fields": {"create_user": null, "create_time": "2020-06-24T20:00:00Z", "update_user": null, "update_time": "2020-06-24T20:00:00Z", "name": "\u83dc\u5355\u4fee\u6539", "menu_type": 3, "parent": 2, "is_top": false, "icon": "", "code": "system/menu/update", "url": "system/menu/update"}}, {"model": "system.menu", "pk": 5, "fields": {"create_user": null, "create_time": "2020-06-24T20:00:00Z", "update_user": null, "update_time": "2020-06-24T20:00:00Z", "name": "\u83dc\u5355\u5220\u9664", "menu_type": 3, "parent": 2, "is_top": false, "icon": "", "code": "system/menu/delete", "url": "system/menu/delete"}}, {"model": "system.menu", "pk": 6, "fields": {"create_user": null, "create_time": "2020-06-24T20:00:00Z", "update_user": null, "update_time": "2020-06-24T20:00:00Z", "name": "\u83dc\u5355\u8be6\u60c5", "menu_type": 3, "parent": 2, "is_top": false, "icon": "", "code": "system/menu/detail", "url": "system/menu/detail"}}, {"model": "system.menu", "pk": 7, "fields": {"create_user": null, "create_time": "2020-06-24T20:00:00Z", "update_user": null, "update_time": "2020-06-24T20:00:00Z", "name": "\u7ec4\u7ec7\u7ed3\u6784", "menu_type": 2, "parent": 1, "is_top": false, "icon": "", "code": "system/structure", "url": "system/structure"}}, {"model": "system.menu", "pk": 8, "fields": {"create_user": null, "create_time": "2020-06-24T20:00:00Z", "update_user": null, "update_time": "2020-06-24T20:00:00Z", "name": "\u7ec4\u7ec7\u65b0\u589e", "menu_type": 3, "parent": 7, "is_top": false, "icon": "", "code": "system/structure/create", "url": "system/structure/create"}}, {"model": "system.menu", "pk": 9, "fields": {"create_user": null, "create_time": "2020-06-24T20:00:00Z", "update_user": null, "update_time": "2020-06-24T20:00:00Z", "name": "\u7ec4\u7ec7\u4fee\u6539", "menu_type": 3, "parent": 7, "is_top": false, "icon": "", "code": "system/structure/update", "url": "system/structure/update"}}, {"model": "system.menu", "pk": 10, "fields": {"create_user": null, "create_time": "2020-06-24T20:00:00Z", "update_user": null, "update_time": "2020-06-24T20:00:00Z", "name": "\u7ec4\u7ec7\u5220\u9664", "menu_type": 3, "parent": 7, "is_top": false, "icon": "", "code": "system/structure/delete", "url": "system/structure/delete"}}, {"model": "system.menu", "pk": 11, "fields": {"create_user": null, "create_time": "2020-06-24T20:00:00Z", "update_user": null, "update_time": "2020-06-24T20:00:00Z", "name": "\u7ec4\u7ec7\u8be6\u60c5", "menu_type": 3, "parent": 7, "is_top": false, "icon": "", "code": "system/structure/detail", "url": "system/structure/detail"}}, {"model": "system.menu", "pk": 12, "fields": {"create_user": null, "create_time": "2020-06-25T10:48:00Z", "update_user": null, "update_time": "2020-06-25T10:48:00Z", "name": "\u89d2\u8272\u7ba1\u7406", "menu_type": 2, "parent": 1, "is_top": false, "icon": "", "code": "system/role", "url": "system/role"}}, {"model": "system.menu", "pk": 13, "fields": {"create_user": null, "create_time": "2020-06-25T10:48:00Z", "update_user": null, "update_time": "2020-06-25T10:48:00Z", "name": "\u89d2\u8272\u65b0\u589e", "menu_type": 3, "parent": 12, "is_top": false, "icon": "", "code": "system/role/create", "url": "system/role/create"}}, {"model": "system.menu", "pk": 14, "fields": {"create_user": null, "create_time": "2020-06-25T10:48:00Z", "update_user": null, "update_time": "2020-06-25T10:48:00Z", "name": "\u89d2\u8272\u4fee\u6539", "menu_type": 3, "parent": 12, "is_top": false, "icon": "", "code": "system/role/update", "url": "system/role/update"}}, {"model": "system.menu", "pk": 15, "fields": {"create_user": null, "create_time": "2020-06-25T10:48:00Z", "update_user": null, "update_time": "2020-06-25T10:48:00Z", "name": "\u89d2\u8272\u8be6\u60c5", "menu_type": 3, "parent": 12, "is_top": false, "icon": "", "code": "system/role/detail", "url": "system/role/detail"}}, {"model": "system.menu", "pk": 16, "fields": {"create_user": null, "create_time": "2020-06-25T10:48:00Z", "update_user": null, "update_time": "2020-06-25T10:48:00Z", "name": "\u89d2\u8272\u5220\u9664", "menu_type": 3, "parent": 12, "is_top": false, "icon": "", "code": "system/role/delete", "url": "system/role/delete"}}, {"model": "system.role", "pk": 1, "fields": {"create_user": null, "create_time": "2020-06-24T20:14:00Z", "update_user": null, "update_time": "2020-06-24T20:14:00Z", "name": "\u8d85\u7ea7\u7ba1\u7406\u5458", "menu_list": [11, 10, 9, 8, 7, 6, 5, 4, 3, 2, 1]}}, {"model": "system.role", "pk": 2, "fields": {"create_user": null, "create_time": "2020-06-24T20:14:00Z", "update_user": null, "update_time": "2020-06-24T20:14:00Z", "name": "\u6280\u672f\u90e8\u4eba\u5458", "menu_list": [6, 5, 4, 3, 2, 1]}}, {"model": "system.role", "pk": 3, "fields": {"create_user": null, "create_time": "2020-06-24T20:14:00Z", "update_user": null, "update_time": "2020-06-24T20:14:00Z", "name": "\u5e02\u573a\u4eba\u5458", "menu_list": [11, 10, 9, 8, 7, 1]}}, {"model": "system.structure", "pk": 1, "fields": {"create_user": null, "create_time": "2020-06-25T10:52:00Z", "update_user": null, "update_time": "2020-06-25T10:52:00Z", "name": "\u516c\u53f8", "type": "firm", "parent": null}}, {"model": "system.structure", "pk": 2, "fields": {"create_user": null, "create_time": "2020-06-25T10:52:00Z", "update_user": null, "update_time": "2020-06-25T10:52:00Z", "name": "\u5e02\u573a\u90e8", "type": "department", "parent": 1}}, {"model": "system.structure", "pk": 3, "fields": {"create_user": null, "create_time": "2020-06-25T10:52:00Z", "update_user": null, "update_time": "2020-06-25T10:52:00Z", "name": "\u6280\u672f\u90e8", "type": "department", "parent": 1}}, {"model": "system.structure", "pk": 4, "fields": {"create_user": null, "create_time": "2020-06-25T10:52:00Z", "update_user": null, "update_time": "2020-06-25T10:52:00Z", "name": "\u4eba\u4e8b\u90e8", "type": "department", "parent": 1}}, {"model": "system.structure", "pk": 5, "fields": {"create_user": null, "create_time": "2020-06-25T10:55:00Z", "update_user": null, "update_time": "2020-06-25T10:55:00Z", "name": "\u6280\u672f\u4e00\u90e8", "type": "department", "parent": 3}}, {"model": "system.structure", "pk": 6, "fields": {"create_user": null, "create_time": "2020-06-25T10:55:00Z", "update_user": null, "update_time": "2020-06-25T10:55:00Z", "name": "\u6280\u672f\u4e8c\u90e8", "type": "department", "parent": 3}}, {"model": "system.album", "pk": 1, "fields": {"create_user": null, "create_time": "2020-06-25T14:38:23.716Z", "update_user": null, "update_time": "2020-06-25T14:38:23.716Z", "album_name": "Things We Lost In The Fire", "artist": "Low"}}, {"model": "system.track", "pk": 1, "fields": {"create_user": null, "create_time": "2020-06-25T14:41:49.444Z", "update_user": null, "update_time": "2020-06-25T14:41:49.444Z", "order": 1, "title": "Sunflower", "album": 1}}, {"model": "system.track", "pk": 2, "fields": {"create_user": null, "create_time": "2020-06-25T14:42:01.700Z", "update_user": null, "update_time": "2020-06-25T14:42:01.700Z", "order": 2, "title": "Whitetail", "album": 1}}, {"model": "system.track", "pk": 3, "fields": {"create_user": null, "create_time": "2020-06-25T14:42:19.749Z", "update_user": null, "update_time": "2020-06-25T14:42:19.749Z", "order": 3, "title": "Dinosaur Act", "album": 1}}, {"model": "system.albumimage", "pk": 1, "fields": {"create_user": null, "create_time": "2020-06-26T04:01:50.743Z", "update_user": null, "update_time": "2020-06-26T04:01:50.743Z", "album": 1, "image": "album/Snip20200623_2.png"}}, {"model": "system.category", "pk": 1, "fields": {"create_user": null, "create_time": "2020-06-27T03:03:51.461Z", "update_user": null, "update_time": "2020-06-27T03:03:51.460Z", "name": "\u7cbe\u54c1\u8089\u7c7b", "desc": "\u7cbe\u54c1\u8089\u7c7b-\u5305\u542b\u732a\u8089/\u7f8a\u8089/\u725b\u8089\u7b49", "type": 2, "code": "JPRL", "is_top": false, "parent_id": 3}}, {"model": "system.category", "pk": 2, "fields": {"create_user": null, "create_time": "2020-06-27T03:04:36.832Z", "update_user": null, "update_time": "2020-06-27T03:04:36.831Z", "name": "\u6d77\u9c9c\u6c34\u4ea7", "desc": "\u6d77\u9c9c\u6c34\u4ea7", "type": 2, "code": "HXSC", "is_top": false, "parent_id": 3}}, {"model": "system.category", "pk": 3, "fields": {"create_user": null, "create_time": "2020-06-27T03:07:59.873Z", "update_user": null, "update_time": "2020-06-27T03:07:59.873Z", "name": "\u751f\u9c9c\u98df\u54c1", "desc": "\u751f\u9c9c\u98df\u54c1", "type": 1, "code": "SXSP", "is_top": true, "parent_id": null}}, {"model": "system.category", "pk": 4, "fields": {"create_user": null, "create_time": "2020-06-27T03:18:41.101Z", "update_user": null, "update_time": "2020-06-27T03:18:41.100Z", "name": "\u725b\u8089", "desc": "\u725b\u8089", "type": 3, "code": "NR", "is_top": false, "parent_id": 1}}, {"model": "system.category", "pk": 5, "fields": {"create_user": null, "create_time": "2020-06-27T03:19:00.614Z", "update_user": null, "update_time": "2020-06-27T03:19:00.613Z", "name": "\u7f8a\u8089", "desc": "\u7f8a\u8089", "type": 3, "code": "YR", "is_top": false, "parent_id": 1}}, {"model": "system.category", "pk": 6, "fields": {"create_user": null, "create_time": "2020-06-27T03:19:31.972Z", "update_user": null, "update_time": "2020-06-27T03:19:31.971Z", "name": "\u732a\u8089", "desc": "\u732a\u8089", "type": 3, "code": "ZR", "is_top": false, "parent_id": 1}}, {"model": "system.category", "pk": 7, "fields": {"create_user": null, "create_time": "2020-06-27T03:20:40.479Z", "update_user": null, "update_time": "2020-06-27T03:20:40.479Z", "name": "\u9c7c", "desc": "\u9c7c", "type": 3, "code": "FISH", "is_top": false, "parent_id": 2}}, {"model": "system.category", "pk": 8, "fields": {"create_user": null, "create_time": "2020-06-27T03:21:27.101Z", "update_user": null, "update_time": "2020-06-27T03:21:27.100Z", "name": "\u867e", "desc": "\u867e", "type": 3, "code": "SHRIMP", "is_top": false, "parent_id": 2}}, {"model": "system.category", "pk": 9, "fields": {"create_user": null, "create_time": "2020-06-27T03:22:08.181Z", "update_user": null, "update_time": "2020-06-27T03:22:08.180Z", "name": "\u53c2/\u9c8d", "desc": "\u6d77\u53c2/\u9c8d\u9c7c", "type": 3, "code": "SB", "is_top": false, "parent_id": 2}}, {"model": "system.category", "pk": 10, "fields": {"create_user": null, "create_time": "2020-06-27T03:24:26.343Z", "update_user": null, "update_time": "2020-06-27T03:24:26.342Z", "name": "\u9152\u6c34\u996e\u6599", "desc": "\u9152\u6c34\u996e\u6599", "type": 1, "code": "JSYL", "is_top": true, "parent_id": null}}, {"model": "system.category", "pk": 11, "fields": {"create_user": null, "create_time": "2020-06-27T03:25:29.399Z", "update_user": null, "update_time": "2020-06-27T03:25:29.398Z", "name": "\u767d\u9152", "desc": "\u767d\u9152", "type": 2, "code": "BJ", "is_top": false, "parent_id": 10}}, {"model": "system.category", "pk": 12, "fields": {"create_user": null, "create_time": "2020-06-27T03:26:11.113Z", "update_user": null, "update_time": "2020-06-27T03:26:11.112Z", "name": "\u4e94\u7cae\u6db2", "desc": "\u4e94\u7cae\u6db2", "type": 3, "code": "WLY", "is_top": false, "parent_id": 11}}, {"model": "system.category", "pk": 13, "fields": {"create_user": null, "create_time": "2020-06-27T03:28:05.541Z", "update_user": null, "update_time": "2020-06-27T03:28:05.541Z", "name": "\u8305\u53f0", "desc": "\u8305\u53f0", "type": 3, "code": "MT", "is_top": false, "parent_id": 11}}, {"model": "system.category", "pk": 14, "fields": {"create_user": null, "create_time": "2020-06-27T03:28:30.089Z", "update_user": null, "update_time": "2020-06-27T03:28:30.089Z", "name": "\u6cf8\u5dde\u8001\u7a96", "desc": "\u6cf8\u5dde\u8001\u7a96", "type": 3, "code": "LZLJ", "is_top": false, "parent_id": 11}}, {"model": "system.category", "pk": 15, "fields": {"create_user": null, "create_time": "2020-06-27T03:29:20.615Z", "update_user": null, "update_time": "2020-06-27T03:29:20.615Z", "name": "\u5564\u9152", "desc": "\u5564\u9152", "type": 2, "code": "BEER", "is_top": false, "parent_id": 10}}, {"model": "system.category", "pk": 16, "fields": {"create_user": null, "create_time": "2020-06-27T03:29:59.209Z", "update_user": null, "update_time": "2020-06-27T03:29:59.209Z", "name": "\u96ea\u82b1\u5564\u9152", "desc": "\u96ea\u82b1\u5564\u9152", "type": 3, "code": "XUEHUA", "is_top": false, "parent_id": 15}}, {"model": "system.category", "pk": 17, "fields": {"create_user": null, "create_time": "2020-06-27T03:30:17.883Z", "update_user": null, "update_time": "2020-06-27T03:30:17.882Z", "name": "\u9752\u5c9b\u5564\u9152", "desc": "\u9752\u5c9b\u5564\u9152", "type": 3, "code": "QINGDAO", "is_top": false, "parent_id": 15}}, {"model": "system.category", "pk": 18, "fields": {"create_user": null, "create_time": "2020-06-27T03:30:48.146Z", "update_user": null, "update_time": "2020-06-27T03:30:48.146Z", "name": "\u7eaf\u51c0\u6c34", "desc": "\u7eaf\u51c0\u6c34", "type": 2, "code": "CJS", "is_top": false, "parent_id": 10}}, {"model": "system.category", "pk": 19, "fields": {"create_user": null, "create_time": "2020-06-27T03:35:21.163Z", "update_user": null, "update_time": "2020-06-27T03:35:21.162Z", "name": "\u77ff\u6cc9\u6c34", "desc": "\u77ff\u6cc9\u6c34", "type": 2, "code": "KQS", "is_top": false, "parent_id": 10}}, {"model": "system.category", "pk": 20, "fields": {"create_user": null, "create_time": "2020-06-27T03:35:55.333Z", "update_user": null, "update_time": "2020-06-27T03:35:55.332Z", "name": "\u519c\u592b\u5c71\u6cc9", "desc": "\u519c\u592b\u5c71\u6cc9", "type": 3, "code": "NFSQ", "is_top": false, "parent_id": 19}}, {"model": "system.category", "pk": 21, "fields": {"create_user": null, "create_time": "2020-06-27T03:36:19.052Z", "update_user": null, "update_time": "2020-06-27T03:36:19.052Z", "name": "\u6021\u5b9d", "desc": "\u6021\u5b9d", "type": 3, "code": "YB", "is_top": false, "parent_id": 18}}, {"model": "system.category", "pk": 22, "fields": {"create_user": null, "create_time": "2020-06-27T03:36:45.566Z", "update_user": null, "update_time": "2020-06-27T03:36:45.566Z", "name": "\u5a03\u54c8\u54c8", "desc": "\u5a03\u54c8\u54c8", "type": 3, "code": "WHH", "is_top": false, "parent_id": 18}}, {"model": "system.category", "pk": 23, "fields": {"create_user": null, "create_time": "2020-06-27T08:05:30.630Z", "update_user": null, "update_time": "2020-06-27T08:05:30.630Z", "name": "\u7ea2\u9152", "desc": "\u7ea2\u9152", "type": 2, "code": "HJ", "is_top": false, "parent_id": 10}}, {"model": "system.category", "pk": 24, "fields": {"create_user": null, "create_time": "2020-06-27T08:06:06.312Z", "update_user": null, "update_time": "2020-06-27T08:06:06.312Z", "name": "\u5f20\u88d5", "desc": "\u7ea2\u9152", "type": 2, "code": "ZJ", "is_top": false, "parent_id": 23}}, {"model": "system.category", "pk": 25, "fields": {"create_user": null, "create_time": "2020-06-27T08:06:58.458Z", "update_user": null, "update_time": "2020-06-27T08:06:58.458Z", "name": "\u6cd5\u56fd\u767e\u5229\u5a01", "desc": "\u6cd5\u56fd\u767e\u5229\u5a01", "type": 2, "code": "france_blw", "is_top": false, "parent_id": 23}}, {"model": "system.category", "pk": 26, "fields": {"create_user": null, "create_time": "2020-06-27T08:10:09.160Z", "update_user": null, "update_time": "2020-06-27T08:10:09.159Z", "name": "\u852c\u83dc\u6c34\u679c", "desc": "\u852c\u83dc\u6c34\u679c", "type": 1, "code": "SCSG", "is_top": true, "parent_id": null}}, {"model": "system.category", "pk": 27, "fields": {"create_user": null, "create_time": "2020-06-27T08:11:23.368Z", "update_user": null, "update_time": "2020-06-27T08:11:23.368Z", "name": "\u6c34\u679c", "desc": "\u6c34\u679c", "type": 2, "code": "SG", "is_top": false, "parent_id": 26}}, {"model": "system.category", "pk": 28, "fields": {"create_user": null, "create_time": "2020-06-27T08:12:10.438Z", "update_user": null, "update_time": "2020-06-27T08:12:10.438Z", "name": "\u8fdb\u53e3\u6c34\u679c", "desc": "\u8fdb\u53e3\u6c34\u679c", "type": 3, "code": "JKSG", "is_top": false, "parent_id": 27}}, {"model": "system.category", "pk": 29, "fields": {"create_user": null, "create_time": "2020-06-27T08:12:29.902Z", "update_user": null, "update_time": "2020-06-27T08:12:29.901Z", "name": "\u56fd\u4ea7\u6c34\u679c", "desc": "\u56fd\u4ea7\u6c34\u679c", "type": 3, "code": "GCSG", "is_top": false, "parent_id": 27}}, {"model": "system.good", "pk": 1, "fields": {"create_user": null, "create_time": "2020-06-27T07:54:43.889Z", "update_user": null, "update_time": "2020-06-27T07:54:43.889Z", "category": 20, "good_sn": null, "name": "\u519c\u592b\u5c71\u6cc9500ml", "desc": "\u519c\u592b\u5c71\u6cc9500ml", "image": "", "market_price": "2.000", "shop_price": "1.000", "click_num": 0, "favorate_num": 0, "sold_num": 0, "good_num": 0, "is_hot": true, "is_new": true, "ship_free": false}}, {"model": "system.good", "pk": 2, "fields": {"create_user": null, "create_time": "2020-06-27T07:55:11.215Z", "update_user": null, "update_time": "2020-06-27T07:55:11.215Z", "category": 20, "good_sn": null, "name": "\u519c\u592b\u5c71\u6cc9500ml", "desc": "\u519c\u592b\u5c71\u6cc91500ml", "image": "", "market_price": "3.000", "shop_price": "2.000", "click_num": 0, "favorate_num": 0, "sold_num": 0, "good_num": 0, "is_hot": true, "is_new": true, "ship_free": false}}, {"model": "system.good", "pk": 3, "fields": {"create_user": null, "create_time": "2020-06-27T07:55:35.385Z", "update_user": null, "update_time": "2020-06-27T07:55:35.384Z", "category": 21, "good_sn": null, "name": "\u6021\u5b9d1500ml", "desc": "\u6021\u5b9d1500ml", "image": "", "market_price": "3.000", "shop_price": "2.000", "click_num": 0, "favorate_num": 0, "sold_num": 0, "good_num": 0, "is_hot": true, "is_new": true, "ship_free": false}}, {"model": "system.good", "pk": 4, "fields": {"create_user": null, "create_time": "2020-06-27T07:55:48.763Z", "update_user": null, "update_time": "2020-06-27T07:55:48.763Z", "category": 21, "good_sn": null, "name": "\u6021\u5b9d500ml", "desc": "\u6021\u5b9d500ml", "image": "", "market_price": "2.000", "shop_price": "1.000", "click_num": 0, "favorate_num": 0, "sold_num": 0, "good_num": 0, "is_hot": true, "is_new": true, "ship_free": false}}, {"model": "system.good", "pk": 5, "fields": {"create_user": null, "create_time": "2020-06-27T07:57:21.079Z", "update_user": null, "update_time": "2020-06-27T07:57:21.078Z", "category": 4, "good_sn": null, "name": "\u7530\u7136\u725b\u8089\u5927\u9ec4\u74dc\u6761\u751f\u9c9c\u725b\u8089\u51b7\u51bb\u771f\u7a7a\u9ec4\u725b", "desc": "\u524d\u817f+\u540e\u817f+\u7f8a\u6392\u51718\u65a4\uff0c\u539f\u751f\u6001\u5927\u5c71\u653e\u7267\u7f8a\u7f94\uff0c\u66fe\u7ecf\u7684\u7687\u5ba4\u8d21\u54c1\uff0c\u592e\u89c6\u63a8\u8350\uff0c2005\u5e74\u5317\u4eac\u62db\u5f85\u5168\u7403\u8d22\u91d1\u9996\u8111\u3002\u4e94\u5c42\u4e13\u7528\u5305\u88c5\u7bb1+\u771f\u7a7a\u5305\u88c5+\u51b0\u888b+\u4fdd\u9c9c\u7bb1+\u987a\u4e30\u51b7\u94fe\u53d1\u8d27\uff0c\u8def\u9014\u4fdd\u8d28\u671f8\u5929", "image": "", "market_price": "106.000", "shop_price": "106.000", "click_num": 0, "favorate_num": 0, "sold_num": 0, "good_num": 0, "is_hot": true, "is_new": true, "ship_free": false}}, {"model": "system.good", "pk": 6, "fields": {"create_user": null, "create_time": "2020-06-27T07:57:57.465Z", "update_user": null, "update_time": "2020-06-28T07:24:23.552Z", "category": 4, "good_sn": null, "name": "\u9163\u7545\u5bb6\u5ead\u83f2\u529b\u725b\u639210\u7247\u6fb3\u6d32\u751f\u9c9c\u725b\u8089\u56e2\u8d2d\u5957\u9910", "desc": "", "image": "", "market_price": "200.000", "shop_price": "200.000", "click_num": 1, "favorate_num": 1, "sold_num": 0, "good_num": 0, "is_hot": true, "is_new": true, "ship_free": false}}, {"model": "system.good", "pk": 7, "fields": {"create_user": null, "create_time": "2020-06-27T07:59:53.171Z", "update_user": null, "update_time": "2020-06-27T07:59:53.171Z", "category": 4, "good_sn": null, "name": "\u6fb3\u6d32\u8fdb\u53e3\u5b89\u683c\u65af\u725b\u5207\u7247\u4e0a\u8111\u725b\u63921000g", "desc": "\u6fb3\u6d32\u8fdb\u53e3\u5b89\u683c\u65af\u725b\u5207\u7247\u4e0a\u8111\u725b\u63921000g", "image": "", "market_price": "144.000", "shop_price": "144.000", "click_num": 0, "favorate_num": 0, "sold_num": 0, "good_num": 0, "is_hot": true, "is_new": true, "ship_free": false}}, {"model": "system.good", "pk": 8, "fields": {"create_user": null, "create_time": "2020-06-27T08:00:23.336Z", "update_user": null, "update_time": "2020-06-28T08:16:57.310Z", "category": 4, "good_sn": null, "name": "\u65b0\u7586\u5df4\u5c14\u9c81\u514b\u751f\u9c9c\u725b\u6392\u773c\u8089\u725b\u62521200g", "desc": "\u65b0\u7586\u5df4\u5c14\u9c81\u514b\u751f\u9c9c\u725b\u6392\u773c\u8089\u725b\u62521200g", "image": "goods/8_P_1448945032810.jpg", "market_price": "88.000", "shop_price": "88.000", "click_num": 1, "favorate_num": 0, "sold_num": 0, "good_num": 0, "is_hot": true, "is_new": true, "ship_free": false}}, {"model": "system.good", "pk": 9, "fields": {"create_user": null, "create_time": "2020-06-27T08:03:34.934Z", "update_user": null, "update_time": "2020-06-27T08:03:34.933Z", "category": 13, "good_sn": null, "name": "52\u5ea6\u8305\u53f0\u96c6\u56e2\u56fd\u9686\u53cc\u559c\u9152500mlx6", "desc": "52\u5ea6\u8305\u53f0\u96c6\u56e2\u56fd\u9686\u53cc\u559c\u9152500mlx6", "image": "", "market_price": "6000.000", "shop_price": "6000.000", "click_num": 0, "favorate_num": 0, "sold_num": 0, "good_num": 0, "is_hot": true, "is_new": true, "ship_free": false}}, {"model": "system.good", "pk": 10, "fields": {"create_user": null, "create_time": "2020-06-27T08:04:11.213Z", "update_user": null, "update_time": "2020-06-27T08:04:11.213Z", "category": 13, "good_sn": null, "name": "53\u5ea6\u8305\u53f0\u4ec1\u9152500ml", "desc": "53\u5ea6\u8305\u53f0\u4ec1\u9152500ml", "image": "goods/15_P_1448947257324.jpg", "market_price": "1400.000", "shop_price": "1400.000", "click_num": 0, "favorate_num": 0, "sold_num": 0, "good_num": 0, "is_hot": true, "is_new": true, "ship_free": false}}, {"model": "system.good", "pk": 11, "fields": {"create_user": null, "create_time": "2020-06-27T08:07:56.650Z", "update_user": null, "update_time": "2020-06-28T07:38:59.794Z", "category": 24, "good_sn": null, "name": "\u5f20\u88d5\u5e72\u7ea2\u8461\u8404\u9152750ml*6\u652f'", "desc": "\u5f20\u88d5\u5e72\u7ea2\u8461\u8404\u9152750ml*6\u652f'", "image": "goods/17_P_1448947102246.jpg", "market_price": "600.000", "shop_price": "600.000", "click_num": 1, "favorate_num": 0, "sold_num": 0, "good_num": 0, "is_hot": false, "is_new": false, "ship_free": false}}, {"model": "system.good", "pk": 12, "fields": {"create_user": null, "create_time": "2020-06-27T08:08:34.149Z", "update_user": null, "update_time": "2020-06-27T08:08:34.149Z", "category": 25, "good_sn": null, "name": "\u6cd5\u56fd\u539f\u88c5\u8fdb\u53e3\u5723\u8d1d\u514b\u5e72\u7ea2\u8461\u8404\u9152750ml", "desc": "\u6cd5\u56fd\u539f\u88c5\u8fdb\u53e3\u5723\u8d1d\u514b\u5e72\u7ea2\u8461\u8404\u9152750ml", "image": "goods/18_P_1448947011435.jpg", "market_price": "68.000", "shop_price": "68.000", "click_num": 0, "favorate_num": 0, "sold_num": 0, "good_num": 0, "is_hot": false, "is_new": false, "ship_free": false}}, {"model": "system.good", "pk": 13, "fields": {"create_user": null, "create_time": "2020-06-27T08:13:36.065Z", "update_user": null, "update_time": "2020-06-28T08:16:27.914Z", "category": 28, "good_sn": null, "name": "\u6cf0\u56fd\u83e0\u841d\u871c16-18\u65a41\u4e2a\u88c5", "desc": "\u3010\u61d2\u4eba\u5403\u6cd5\u3011\u83e0\u841d\u871c\u679c\u8089\uff0c\u51b0\u888b\u4fdd\u9c9c\uff0c\u6536\u8d27\u5c31\u5403\uff0c\u51b0\u723dQ\u8106\u751c\uff0c2\u65a4\u88c5\uff0c\u5168\u56fd\u987a\u4e30\u7a7a\u8fd0\u5305\u90ae\uff0c\u53d1\u51fa\u540e48\u5c0f\u65f6\u5185\u53ef\u8fbe\uff0c\u4e00\u7ebf\u57ce\u5e02\u57fa\u672c\u9694\u5929\u53ef\u8fbe", "image": "goods/30_P_1448948663450.jpg", "market_price": "11.000", "shop_price": "11.000", "click_num": 5, "favorate_num": 0, "sold_num": 0, "good_num": 0, "is_hot": false, "is_new": false, "ship_free": false}}, {"model": "system.good", "pk": 14, "fields": {"create_user": null, "create_time": "2020-06-27T08:14:16.472Z", "update_user": null, "update_time": "2020-06-27T08:14:16.472Z", "category": 29, "good_sn": null, "name": "\u8d63\u5357\u8110\u6a59\u7279\u7ea7\u679c10\u65a4\u88c5", "desc": "\u8d63\u5357\u8110\u6a59\u7279\u7ea7\u679c10\u65a4\u88c5", "image": "goods/32_P_1448948525620.jpg", "market_price": "43.000", "shop_price": "43.000", "click_num": 0, "favorate_num": 0, "sold_num": 0, "good_num": 0, "is_hot": false, "is_new": false, "ship_free": false}}, {"model": "system.good", "pk": 15, "fields": {"create_user": null, "create_time": "2020-06-27T08:15:05.634Z", "update_user": null, "update_time": "2020-06-28T07:38:15.504Z", "category": 29, "good_sn": null, "name": "\u56db\u5ddd\u53cc\u6d41\u8349\u8393\u65b0\u9c9c\u6c34\u679c\u793c\u76d22\u76d2", "desc": "\u56db\u5ddd\u53cc\u6d41\u8349\u8393\u65b0\u9c9c\u6c34\u679c\u793c\u76d22\u76d2", "image": "goods/31_P_1448948598947.jpg", "market_price": "22.000", "shop_price": "22.000", "click_num": 3, "favorate_num": 0, "sold_num": 0, "good_num": 0, "is_hot": false, "is_new": false, "ship_free": false}}, {"model": "system.good", "pk": 16, "fields": {"create_user": null, "create_time": "2020-06-27T08:16:39.971Z", "update_user": null, "update_time": "2020-06-27T08:16:39.971Z", "category": 29, "good_sn": null, "name": "\u73b0\u6458\u82ad\u4e50\u756a\u77f3\u69b4\u53f0\u6e7e\u73cd\u73e0\u82ad\u4e50", "desc": "\u6d77\u5357\u4ea7\u7cbe\u54c1\u91ca\u8fe6\u679c,\r\n        \u91ca\u8fe6\u662f\u6c34\u679c\u4e2d\u7684\u8d35\u65cf,\r\n        \u4ea7\u91cf\u5c11,\r\n        \u5473\u9053\u5f88\u751c,\r\n        \u5976\u9999\u5341\u8db3,\r\n        \u975e\u5e38\u53ef\u53e3,\r\n        \u679c\u88f9\u679c\u56ed\u987a\u4e30\u7a7a\u8fd0,\r\n        \u4fdd\u8bc1\u65b0\u9c9c.\u679c\u5b50\u4e2a\u5927,\r\n        \u4e00\u65a41-2\u4e2a\u5de6\u53f3,\r\n        \u5927\u4e2a\u5934\u7684\u679c\u5b50\u66f4\u5c3d\u5174!", "image": "goods/33_P_1448948479966.jpg", "market_price": "23.000", "shop_price": "23.000", "click_num": 0, "favorate_num": 0, "sold_num": 0, "good_num": 0, "is_hot": false, "is_new": false, "ship_free": false}}, {"model": "system.good", "pk": 17, "fields": {"create_user": null, "create_time": "2020-06-27T08:17:14.477Z", "update_user": null, "update_time": "2020-06-28T07:14:18.126Z", "category": 29, "good_sn": null, "name": "\u6f4d\u574a\u841d\u535c5\u65a4/\u7bb1\u793c\u76d2", "desc": "\u6f4d\u574a\u841d\u535c5\u65a4/\u7bb1\u793c\u76d2", "image": "goods/34_P_1448948399009.jpg", "market_price": "48.000", "shop_price": "48.000", "click_num": 3, "favorate_num": 0, "sold_num": 0, "good_num": 0, "is_hot": false, "is_new": false, "ship_free": false}}, {"model": "system.banner", "pk": 1, "fields": {"create_user": null, "create_time": "2020-06-27T10:03:15.438Z", "update_user": null, "update_time": "2020-06-27T10:03:15.438Z", "good": null, "image": "banner/banner1.jpg", "index": 1}}, {"model": "system.banner", "pk": 2, "fields": {"create_user": null, "create_time": "2020-06-27T10:03:26.777Z", "update_user": null, "update_time": "2020-06-27T10:03:26.777Z", "good": null, "image": "banner/banner2.jpg", "index": 2}}, {"model": "system.banner", "pk": 3, "fields": {"create_user": null, "create_time": "2020-06-27T10:03:37.751Z", "update_user": null, "update_time": "2020-06-27T10:03:37.751Z", "good": null, "image": "banner/banner3.jpg", "index": 3}}, {"model": "system.ordergood", "pk": 1, "fields": {"create_user": null, "create_time": "2020-06-28T04:25:49.437Z", "update_user": null, "update_time": "2020-06-28T04:25:49.437Z", "order": 1, "good": 17, "num": 5}}, {"model": "system.ordergood", "pk": 2, "fields": {"create_user": null, "create_time": "2020-06-28T04:25:49.444Z", "update_user": null, "update_time": "2020-06-28T04:25:49.444Z", "order": 1, "good": 14, "num": 1}}, {"model": "system.ordergood", "pk": 3, "fields": {"create_user": null, "create_time": "2020-06-28T04:25:49.450Z", "update_user": null, "update_time": "2020-06-28T04:25:49.450Z", "order": 1, "good": 10, "num": 2}}, {"model": "system.ordergood", "pk": 4, "fields": {"create_user": null, "create_time": "2020-06-28T04:25:49.455Z", "update_user": null, "update_time": "2020-06-28T04:25:49.455Z", "order": 1, "good": 3, "num": 2}}, {"model": "system.ordergood", "pk": 5, "fields": {"create_user": null, "create_time": "2020-06-28T07:00:40.055Z", "update_user": null, "update_time": "2020-06-28T07:00:40.055Z", "order": 2, "good": 17, "num": 2}}, {"model": "system.ordergood", "pk": 6, "fields": {"create_user": null, "create_time": "2020-06-28T07:00:40.059Z", "update_user": null, "update_time": "2020-06-28T07:00:40.059Z", "order": 2, "good": 13, "num": 2}}, {"model": "auth.permission", "pk": 1, "fields": {"name": "Can add log entry", "content_type": 1, "codename": "add_logentry"}}, {"model": "auth.permission", "pk": 2, "fields": {"name": "Can change log entry", "content_type": 1, "codename": "change_logentry"}}, {"model": "auth.permission", "pk": 3, "fields": {"name": "Can delete log entry", "content_type": 1, "codename": "delete_logentry"}}, {"model": "auth.permission", "pk": 4, "fields": {"name": "Can add permission", "content_type": 2, "codename": "add_permission"}}, {"model": "auth.permission", "pk": 5, "fields": {"name": "Can change permission", "content_type": 2, "codename": "change_permission"}}, {"model": "auth.permission", "pk": 6, "fields": {"name": "Can delete permission", "content_type": 2, "codename": "delete_permission"}}, {"model": "auth.permission", "pk": 7, "fields": {"name": "Can add group", "content_type": 3, "codename": "add_group"}}, {"model": "auth.permission", "pk": 8, "fields": {"name": "Can change group", "content_type": 3, "codename": "change_group"}}, {"model": "auth.permission", "pk": 9, "fields": {"name": "Can delete group", "content_type": 3, "codename": "delete_group"}}, {"model": "auth.permission", "pk": 10, "fields": {"name": "Can add content type", "content_type": 4, "codename": "add_contenttype"}}, {"model": "auth.permission", "pk": 11, "fields": {"name": "Can change content type", "content_type": 4, "codename": "change_contenttype"}}, {"model": "auth.permission", "pk": 12, "fields": {"name": "Can delete content type", "content_type": 4, "codename": "delete_contenttype"}}, {"model": "auth.permission", "pk": 13, "fields": {"name": "Can add session", "content_type": 5, "codename": "add_session"}}, {"model": "auth.permission", "pk": 14, "fields": {"name": "Can change session", "content_type": 5, "codename": "change_session"}}, {"model": "auth.permission", "pk": 15, "fields": {"name": "Can delete session", "content_type": 5, "codename": "delete_session"}}, {"model": "auth.permission", "pk": 16, "fields": {"name": "Can add \u7528\u6237\u8868", "content_type": 6, "codename": "add_userprofile"}}, {"model": "auth.permission", "pk": 17, "fields": {"name": "Can change \u7528\u6237\u8868", "content_type": 6, "codename": "change_userprofile"}}, {"model": "auth.permission", "pk": 18, "fields": {"name": "Can delete \u7528\u6237\u8868", "content_type": 6, "codename": "delete_userprofile"}}, {"model": "auth.permission", "pk": 19, "fields": {"name": "Can add \u83dc\u5355\u8868", "content_type": 7, "codename": "add_menu"}}, {"model": "auth.permission", "pk": 20, "fields": {"name": "Can change \u83dc\u5355\u8868", "content_type": 7, "codename": "change_menu"}}, {"model": "auth.permission", "pk": 21, "fields": {"name": "Can delete \u83dc\u5355\u8868", "content_type": 7, "codename": "delete_menu"}}, {"model": "auth.permission", "pk": 22, "fields": {"name": "Can add \u89d2\u8272\u8868", "content_type": 8, "codename": "add_role"}}, {"model": "auth.permission", "pk": 23, "fields": {"name": "Can change \u89d2\u8272\u8868", "content_type": 8, "codename": "change_role"}}, {"model": "auth.permission", "pk": 24, "fields": {"name": "Can delete \u89d2\u8272\u8868", "content_type": 8, "codename": "delete_role"}}, {"model": "auth.permission", "pk": 25, "fields": {"name": "Can add \u7ec4\u7ec7\u67b6\u6784", "content_type": 9, "codename": "add_structure"}}, {"model": "auth.permission", "pk": 26, "fields": {"name": "Can change \u7ec4\u7ec7\u67b6\u6784", "content_type": 9, "codename": "change_structure"}}, {"model": "auth.permission", "pk": 27, "fields": {"name": "Can delete \u7ec4\u7ec7\u67b6\u6784", "content_type": 9, "codename": "delete_structure"}}, {"model": "auth.permission", "pk": 28, "fields": {"name": "Can add \u7528\u6237\u4fe1\u606f\u8868", "content_type": 10, "codename": "add_userinfo"}}, {"model": "auth.permission", "pk": 29, "fields": {"name": "Can change \u7528\u6237\u4fe1\u606f\u8868", "content_type": 10, "codename": "change_userinfo"}}, {"model": "auth.permission", "pk": 30, "fields": {"name": "Can delete \u7528\u6237\u4fe1\u606f\u8868", "content_type": 10, "codename": "delete_userinfo"}}, {"model": "auth.permission", "pk": 31, "fields": {"name": "Can add Token", "content_type": 11, "codename": "add_token"}}, {"model": "auth.permission", "pk": 32, "fields": {"name": "Can change Token", "content_type": 11, "codename": "change_token"}}, {"model": "auth.permission", "pk": 33, "fields": {"name": "Can delete Token", "content_type": 11, "codename": "delete_token"}}, {"model": "auth.permission", "pk": 40, "fields": {"name": "Can add album", "content_type": 14, "codename": "add_album"}}, {"model": "auth.permission", "pk": 41, "fields": {"name": "Can change album", "content_type": 14, "codename": "change_album"}}, {"model": "auth.permission", "pk": 42, "fields": {"name": "Can delete album", "content_type": 14, "codename": "delete_album"}}, {"model": "auth.permission", "pk": 43, "fields": {"name": "Can add track", "content_type": 15, "codename": "add_track"}}, {"model": "auth.permission", "pk": 44, "fields": {"name": "Can change track", "content_type": 15, "codename": "change_track"}}, {"model": "auth.permission", "pk": 45, "fields": {"name": "Can delete track", "content_type": 15, "codename": "delete_track"}}, {"model": "auth.permission", "pk": 46, "fields": {"name": "Can add \u6536\u8d27\u5730\u5740", "content_type": 16, "codename": "add_useraddress"}}, {"model": "auth.permission", "pk": 47, "fields": {"name": "Can change \u6536\u8d27\u5730\u5740", "content_type": 16, "codename": "change_useraddress"}}, {"model": "auth.permission", "pk": 48, "fields": {"name": "Can delete \u6536\u8d27\u5730\u5740", "content_type": 16, "codename": "delete_useraddress"}}, {"model": "auth.permission", "pk": 49, "fields": {"name": "Can add \u4e13\u8f91\u56fe\u7247", "content_type": 17, "codename": "add_albumimage"}}, {"model": "auth.permission", "pk": 50, "fields": {"name": "Can change \u4e13\u8f91\u56fe\u7247", "content_type": 17, "codename": "change_albumimage"}}, {"model": "auth.permission", "pk": 51, "fields": {"name": "Can delete \u4e13\u8f91\u56fe\u7247", "content_type": 17, "codename": "delete_albumimage"}}, {"model": "auth.permission", "pk": 52, "fields": {"name": "Can add user message", "content_type": 18, "codename": "add_usermessage"}}, {"model": "auth.permission", "pk": 53, "fields": {"name": "Can change user message", "content_type": 18, "codename": "change_usermessage"}}, {"model": "auth.permission", "pk": 54, "fields": {"name": "Can delete user message", "content_type": 18, "codename": "delete_usermessage"}}, {"model": "auth.permission", "pk": 55, "fields": {"name": "Can add \u7c7b\u522b", "content_type": 19, "codename": "add_category"}}, {"model": "auth.permission", "pk": 56, "fields": {"name": "Can change \u7c7b\u522b", "content_type": 19, "codename": "change_category"}}, {"model": "auth.permission", "pk": 57, "fields": {"name": "Can delete \u7c7b\u522b", "content_type": 19, "codename": "delete_category"}}, {"model": "auth.permission", "pk": 58, "fields": {"name": "Can add \u5546\u54c1", "content_type": 20, "codename": "add_good"}}, {"model": "auth.permission", "pk": 59, "fields": {"name": "Can change \u5546\u54c1", "content_type": 20, "codename": "change_good"}}, {"model": "auth.permission", "pk": 60, "fields": {"name": "Can delete \u5546\u54c1", "content_type": 20, "codename": "delete_good"}}, {"model": "auth.permission", "pk": 61, "fields": {"name": "Can add \u7528\u6237\u6536\u85cf", "content_type": 21, "codename": "add_userfavorate"}}, {"model": "auth.permission", "pk": 62, "fields": {"name": "Can change \u7528\u6237\u6536\u85cf", "content_type": 21, "codename": "change_userfavorate"}}, {"model": "auth.permission", "pk": 63, "fields": {"name": "Can delete \u7528\u6237\u6536\u85cf", "content_type": 21, "codename": "delete_userfavorate"}}, {"model": "auth.permission", "pk": 64, "fields": {"name": "Can add \u8f6e\u64ad\u56fe", "content_type": 22, "codename": "add_banner"}}, {"model": "auth.permission", "pk": 65, "fields": {"name": "Can change \u8f6e\u64ad\u56fe", "content_type": 22, "codename": "change_banner"}}, {"model": "auth.permission", "pk": 66, "fields": {"name": "Can delete \u8f6e\u64ad\u56fe", "content_type": 22, "codename": "delete_banner"}}, {"model": "auth.permission", "pk": 67, "fields": {"name": "Can add \u8d2d\u7269\u8f66", "content_type": 23, "codename": "add_shopcart"}}, {"model": "auth.permission", "pk": 68, "fields": {"name": "Can change \u8d2d\u7269\u8f66", "content_type": 23, "codename": "change_shopcart"}}, {"model": "auth.permission", "pk": 69, "fields": {"name": "Can delete \u8d2d\u7269\u8f66", "content_type": 23, "codename": "delete_shopcart"}}, {"model": "auth.permission", "pk": 70, "fields": {"name": "Can add \u8d2d\u7269\u8f66", "content_type": 23, "codename": "add_cart"}}, {"model": "auth.permission", "pk": 71, "fields": {"name": "Can change \u8d2d\u7269\u8f66", "content_type": 23, "codename": "change_cart"}}, {"model": "auth.permission", "pk": 72, "fields": {"name": "Can delete \u8d2d\u7269\u8f66", "content_type": 23, "codename": "delete_cart"}}, {"model": "auth.permission", "pk": 73, "fields": {"name": "Can add \u8ba2\u5355", "content_type": 24, "codename": "add_order"}}, {"model": "auth.permission", "pk": 74, "fields": {"name": "Can change \u8ba2\u5355", "content_type": 24, "codename": "change_order"}}, {"model": "auth.permission", "pk": 75, "fields": {"name": "Can delete \u8ba2\u5355", "content_type": 24, "codename": "delete_order"}}, {"model": "auth.permission", "pk": 76, "fields": {"name": "Can add \u8ba2\u5355\u5546\u54c1", "content_type": 25, "codename": "add_ordergood"}}, {"model": "auth.permission", "pk": 77, "fields": {"name": "Can change \u8ba2\u5355\u5546\u54c1", "content_type": 25, "codename": "change_ordergood"}}, {"model": "auth.permission", "pk": 78, "fields": {"name": "Can delete \u8ba2\u5355\u5546\u54c1", "content_type": 25, "codename": "delete_ordergood"}}, {"model": "system.userprofile", "pk": 1, "fields": {"password": "pbkdf2_sha256$100000$4qhORIG9BYaO$VN7OxotG87iRqtRuS9NLDRkafX5y27tycrU09UDzovY=", "last_login": null, "is_superuser": false, "username": "cbw", "first_name": "", "last_name": "", "is_staff": false, "is_active": true, "date_joined": "2020-06-24T12:21:02.088Z", "name": "cbw", "birthday": null, "gender": "male", "mobile": "", "email": "861754186@qq.com", "groups": [], "user_permissions": [], "role_list": [1]}}, {"model": "system.userprofile", "pk": 2, "fields": {"password": "pbkdf2_sha256$100000$IPGdrHGk5e4i$Xe3kCyq5pzm9NgERKZJ82b5V5uMaFvi/uoFGMrURJ6k=", "last_login": null, "is_superuser": false, "username": "xero", "first_name": "", "last_name": "", "is_staff": false, "is_active": true, "date_joined": "2020-06-24T20:21:00Z", "name": "xero", "birthday": "2003-02-24", "gender": "male", "mobile": "", "email": "11@qq.com", "groups": [], "user_permissions": [], "role_list": [2]}}, {"model": "system.userprofile", "pk": 3, "fields": {"password": "pbkdf2_sha256$100000$jeuG9prktgpi$oPaiDk5I59v366ajqtr44iBHKd0HTx9WUSgdx5hwyJA=", "last_login": "2020-06-24T20:22:00Z", "is_superuser": false, "username": "ccc", "first_name": "", "last_name": "", "is_staff": false, "is_active": true, "date_joined": "2020-06-24T20:21:00Z", "name": "ccc", "birthday": "1997-01-24", "gender": "male", "mobile": "", "email": "22@qq.com", "groups": [], "user_permissions": [], "role_list": [2]}}, {"model": "system.useraddress", "pk": 1, "fields": {"user": 1, "province": "\u5317\u4eac\u5e02", "city": "\u5317\u4eac\u5e02", "district": "\u6d77\u6dc0\u533a", "address": "\u6e05\u534e\u5927\u5b66", "signer_name": "cbw", "signer_mobile": "11111111111"}}, {"model": "system.useraddress", "pk": 2, "fields": {"user": 1, "province": "\u6c5f\u897f\u7701", "city": "\u5357\u660c\u5e02", "district": "\u9752\u5c71\u6e56\u533a", "address": "\u5357\u660c\u5927\u5b66", "signer_name": "cbw", "signer_mobile": "11111111111"}}, {"model": "system.usermessage", "pk": 1, "fields": {"create_user": null, "create_time": "2020-06-26T09:17:56.903Z", "update_user": null, "update_time": "2020-06-26T09:17:56.903Z", "user": 1, "message_type": 1, "subject": "\u7559\u8a00\u4e3b\u9898", "text": "\u7559\u8a00\u5185\u5bb9........", "file": "message/Snip20200612_1_hlYuGA0.png"}}, {"model": "system.userfavorate", "pk": 1, "fields": {"create_user": null, "create_time": "2020-06-27T08:51:53.304Z", "update_user": null, "update_time": "2020-06-27T08:51:53.303Z", "user": 1, "good": 17}}, {"model": "system.userfavorate", "pk": 2, "fields": {"create_user": null, "create_time": "2020-06-27T08:52:35.777Z", "update_user": null, "update_time": "2020-06-27T08:52:35.777Z", "user": 1, "good": 16}}, {"model": "system.userfavorate", "pk": 3, "fields": {"create_user": null, "create_time": "2020-06-27T08:56:21.791Z", "update_user": null, "update_time": "2020-06-27T08:56:21.790Z", "user": 2, "good": 10}}, {"model": "system.userfavorate", "pk": 4, "fields": {"create_user": null, "create_time": "2020-06-27T08:56:26.295Z", "update_user": null, "update_time": "2020-06-27T08:56:26.295Z", "user": 2, "good": 11}}, {"model": "system.userfavorate", "pk": 5, "fields": {"create_user": null, "create_time": "2020-06-28T07:24:02.528Z", "update_user": null, "update_time": "2020-06-28T07:24:02.528Z", "user": 1, "good": 6}}, {"model": "system.userfavorate", "pk": 6, "fields": {"create_user": null, "create_time": "2020-06-28T07:37:35.264Z", "update_user": null, "update_time": "2020-06-28T07:37:35.264Z", "user": 1, "good": 15}}, {"model": "system.userfavorate", "pk": 7, "fields": {"create_user": null, "create_time": "2020-06-28T07:38:46.668Z", "update_user": null, "update_time": "2020-06-28T07:38:46.668Z", "user": 1, "good": 11}}, {"model": "system.userfavorate", "pk": 8, "fields": {"create_user": null, "create_time": "2020-06-28T07:41:37.100Z", "update_user": null, "update_time": "2020-06-28T07:41:37.100Z", "user": 1, "good": 13}}, {"model": "system.userfavorate", "pk": 9, "fields": {"create_user": null, "create_time": "2020-06-28T08:16:45.457Z", "update_user": null, "update_time": "2020-06-28T08:16:45.457Z", "user": 1, "good": 8}}, {"model": "system.order", "pk": 1, "fields": {"create_user": null, "create_time": "2020-06-28T04:25:49.429Z", "update_user": null, "update_time": "2020-06-28T04:25:49.429Z", "order_sn": null, "user": 1, "pay_type": 1, "order_status": "paying", "nonce_str": null, "trade_no": null, "order_num": "100.000", "pay_time": null, "post_script": "\u5566\u5566", "address": "\u5357\u660c\u5927\u5b66", "sign_name": "\u9648\u6ce2\u6587", "sign_mobile": "13800001111"}}, {"model": "system.order", "pk": 2, "fields": {"create_user": null, "create_time": "2020-06-28T07:00:40.049Z", "update_user": null, "update_time": "2020-06-28T07:00:40.049Z", "order_sn": "20200628070040180", "user": 1, "pay_type": 1, "order_status": "paying", "nonce_str": null, "trade_no": null, "order_num": "100.000", "pay_time": null, "post_script": "", "address": "\u5357\u660c\u5927\u5b66", "sign_name": "\u9648\u6ce2\u6587", "sign_mobile": "13800001111"}}]