[{"model": "contenttypes.contenttype", "pk": 1, "fields": {"app_label": "admin", "model": "logentry"}}, {"model": "contenttypes.contenttype", "pk": 2, "fields": {"app_label": "auth", "model": "permission"}}, {"model": "contenttypes.contenttype", "pk": 3, "fields": {"app_label": "auth", "model": "group"}}, {"model": "contenttypes.contenttype", "pk": 4, "fields": {"app_label": "contenttypes", "model": "contenttype"}}, {"model": "contenttypes.contenttype", "pk": 5, "fields": {"app_label": "sessions", "model": "session"}}, {"model": "contenttypes.contenttype", "pk": 6, "fields": {"app_label": "users", "model": "userprofile"}}, {"model": "contenttypes.contenttype", "pk": 7, "fields": {"app_label": "users", "model": "banner"}}, {"model": "contenttypes.contenttype", "pk": 8, "fields": {"app_label": "users", "model": "emailverifyrecord"}}, {"model": "contenttypes.contenttype", "pk": 9, "fields": {"app_label": "course", "model": "course"}}, {"model": "contenttypes.contenttype", "pk": 10, "fields": {"app_label": "course", "model": "courseresource"}}, {"model": "contenttypes.contenttype", "pk": 11, "fields": {"app_label": "course", "model": "lesson"}}, {"model": "contenttypes.contenttype", "pk": 12, "fields": {"app_label": "course", "model": "video"}}, {"model": "contenttypes.contenttype", "pk": 13, "fields": {"app_label": "organization", "model": "citydict"}}, {"model": "contenttypes.contenttype", "pk": 14, "fields": {"app_label": "organization", "model": "courseorg"}}, {"model": "contenttypes.contenttype", "pk": 15, "fields": {"app_label": "organization", "model": "teacher"}}, {"model": "contenttypes.contenttype", "pk": 16, "fields": {"app_label": "operation", "model": "coursecomments"}}, {"model": "contenttypes.contenttype", "pk": 17, "fields": {"app_label": "operation", "model": "userask"}}, {"model": "contenttypes.contenttype", "pk": 18, "fields": {"app_label": "operation", "model": "usercourse"}}, {"model": "contenttypes.contenttype", "pk": 19, "fields": {"app_label": "operation", "model": "userfavorite"}}, {"model": "contenttypes.contenttype", "pk": 20, "fields": {"app_label": "operation", "model": "usermessage"}}, {"model": "contenttypes.contenttype", "pk": 21, "fields": {"app_label": "xadmin", "model": "bookmark"}}, {"model": "contenttypes.contenttype", "pk": 22, "fields": {"app_label": "xadmin", "model": "usersettings"}}, {"model": "contenttypes.contenttype", "pk": 23, "fields": {"app_label": "xadmin", "model": "userwidget"}}, {"model": "contenttypes.contenttype", "pk": 24, "fields": {"app_label": "xadmin", "model": "log"}}, {"model": "sessions.session", "pk": "iwdsb1do7xmii3lnmy0ky96p1yk6k8sp", "fields": {"session_data": "NDM0OGRkYTY0MGI2YjQ0MjIzYmYzMzUxOGIyZTgxMmM4MDNhZTQ1OTp7Il9hdXRoX3VzZXJfaWQiOiIxIiwiX2F1dGhfdXNlcl9iYWNrZW5kIjoiZGphbmdvLmNvbnRyaWIuYXV0aC5iYWNrZW5kcy5Nb2RlbEJhY2tlbmQiLCJfYXV0aF91c2VyX2hhc2giOiJmZDJlNmVjMzRjNWRiMWEzZDc4YTRmNmY4MTcyZGMwN2RhZTQzN2Q5In0=", "expire_date": "2020-06-30T18:39:10.186"}}, {"model": "users.banner", "pk": 1, "fields": {"title": "\u7b2c\u4e00\u4e2a", "image": "banner/2016/11/57a801860001c34b12000460.jpg", "url": "http://www.imooc.com", "index": 1, "add_time": "2016-11-07T22:55:00"}}, {"model": "users.banner", "pk": 2, "fields": {"title": "\u7b2c\u4e8c\u4e2a", "image": "banner/2016/11/57aa86a0000145c512000460.jpg", "url": "http://www.projectsedu.com", "index": 2, "add_time": "2016-11-07T22:56:00"}}, {"model": "users.banner", "pk": 3, "fields": {"title": "\u7b2c\u4e09\u4e2a", "image": "banner/2016/11/57a801860001c34b12000460_z4Vb8zl.jpg", "url": "http://www.projectsedu.com", "index": 3, "add_time": "2016-11-07T22:57:00"}}, {"model": "users.banner", "pk": 4, "fields": {"title": "\u7b2c\u56db\u4e2a", "image": "banner/2016/11/57aa86a0000145c512000460_nMwvoQD.jpg", "url": "http://www.projectsedu.com", "index": 4, "add_time": "2016-11-07T22:57:00"}}, {"model": "users.banner", "pk": 5, "fields": {"title": "\u7b2c\u4e94\u4e2a", "image": "banner/2016/11/57aa86a0000145c512000460_GXIBATC.jpg", "url": "http://www.projectsedu.com", "index": 5, "add_time": "2016-11-07T22:58:00"}}, {"model": "course.course", "pk": 1, "fields": {"course_org": 1, "name": "django\u5165\u95e8", "desc": "django\u5165\u95e8", "teacher": null, "detail": "<p><br/> </p><h1 label=\\\"Title center\\\" name=\\\"tc\\\" style=\\\"border-bottom-color:#cccccc;border-bottom-width:2px;border-bottom-style:solid;padding:0px 4px 0px 0px;text-align:center;margin:0px 0px 20px;\\\" class=\\\"ue_t\\\">[\u6b64\u5904\u952e\u5165\u6587\u7ae0\u6807\u9898]</h1><p><img src=\\\"http://img.baidu.com/hi/youa/y_0034.gif\\\" style=\\\"width:300px;height:200px;float:left;\\\" width=\\\"300\\\" vspace=\\\"0\\\" hspace=\\\"0\\\" height=\\\"200\\\" border=\\\"0\\\"/>\u56fe\u6587\u6df7\u6392\u65b9\u6cd5</p><p>1. \u56fe\u7247\u5c45\u5de6\uff0c\u6587\u5b57\u56f4\u7ed5\u56fe\u7247\u6392\u7248</p><p>\u65b9\u6cd5\uff1a\u5728\u6587\u5b57\u524d\u9762\u63d2\u5165\u56fe\u7247\uff0c\u8bbe\u7f6e\u5c45\u5de6\u5bf9\u9f50\uff0c\u7136\u540e\u5373\u53ef\u5728\u53f3\u8fb9\u8f93\u5165\u591a\u884c\u6587\u672c</p><p><br/> </p><p>2. \u56fe\u7247\u5c45\u53f3\uff0c\u6587\u5b57\u56f4\u7ed5\u56fe\u7247\u6392\u7248</p><p>\u65b9\u6cd5\uff1a\u5728\u6587\u5b57\u524d\u9762\u63d2\u5165\u56fe\u7247\uff0c\u8bbe\u7f6e\u5c45\u53f3\u5bf9\u9f50\uff0c\u7136\u540e\u5373\u53ef\u5728\u5de6\u8fb9\u8f93\u5165\u591a\u884c\u6587\u672c</p><p><br/> </p><p>3. \u56fe\u7247\u5c45\u4e2d\u73af\u7ed5\u6392\u7248</p><p>\u65b9\u6cd5\uff1a\u4eb2\uff0c\u8fd9\u4e2a\u771f\u5fc3\u6ca1\u6709\u529e\u6cd5\u3002\u3002\u3002</p><p><br/> </p><p><br/> </p><p><img src=\\\"http://img.baidu.com/hi/youa/y_0040.gif\\\" style=\\\"width:300px;height:300px;float:right;\\\" width=\\\"300\\\" vspace=\\\"0\\\" hspace=\\\"0\\\" height=\\\"300\\\" border=\\\"0\\\"/> </p><p>\u8fd8\u6709\u6ca1\u6709\u4ec0\u4e48\u5176\u4ed6\u7684\u73af\u7ed5\u65b9\u5f0f\u5462\uff1f\u8fd9\u91cc\u662f\u5c45\u53f3\u73af\u7ed5</p><p><br/> </p><p>\u6b22\u8fce\u5927\u5bb6\u591a\u591a\u5c1d\u8bd5\uff0c\u4e3aUEditor\u63d0\u4f9b\u66f4\u591a\u9ad8\u8d28\u91cf\u6a21\u677f\uff01</p><p><br/> </p><p>\u5360\u4f4d</p><p><br/> </p><p>\u5360\u4f4d</p><p><br/> </p><p>\u5360\u4f4d</p><p><br/> </p><p>\u5360\u4f4d</p><p><br/> </p><p>\u5360\u4f4d</p><p><br/> </p><p><br/> </p><p><br/> </p>", "degree": "cj", "learn_times": 0, "students": 3, "fav_nums": 0, "image": "courses/2016/11/mysql.jpg", "click_nums": 6, "is_banner": false, "category": "\u540e\u7aef\u5f00\u53d1", "tag": "django\u5f00\u53d1", "youneed_know": "django\u5f00\u53d1", "teacher_tell": "django\u5f00\u53d1", "add_time": "2016-10-25T23:40:00"}}, {"model": "course.course", "pk": 2, "fields": {"course_org": 2, "name": "java\u5165\u95e8", "desc": "java\u5165\u95e8", "teacher": null, "detail": "java\u5165\u95e8java\u5165\u95e8java\u5165\u95e8java\u5165\u95e8java\u5165\u95e8\\r\\n\\r\\njava\u5165\u95e8java\u5165\u95e8\\r\\njava\u5165\u95e8", "degree": "zj", "learn_times": 20, "students": 0, "fav_nums": 0, "image": "courses/2016/11/57035ff200014b8a06000338-240-135.jpg", "click_nums": 0, "is_banner": false, "category": "\u540e\u7aef\u5f00\u53d1", "tag": "", "youneed_know": "", "teacher_tell": "", "add_time": "2016-11-05T16:04:00"}}, {"model": "course.course", "pk": 3, "fields": {"course_org": 4, "name": "python\u5165\u95e8", "desc": "python\u5165\u95e8", "teacher": null, "detail": "python\u5165\u95e8python\u5165\u95e8python\u5165\u95e8python\u5165\u95e8python\u5165\u95e8", "degree": "zj", "learn_times": 0, "students": 0, "fav_nums": 0, "image": "courses/2016/11/540e57300001d6d906000338-240-135.jpg", "click_nums": 0, "is_banner": false, "category": "\u540e\u7aef\u5f00\u53d1", "tag": "", "youneed_know": "", "teacher_tell": "", "add_time": "2016-11-05T16:07:00"}}, {"model": "course.course", "pk": 4, "fields": {"course_org": 5, "name": "java\u5165\u95e82", "desc": "java\u5165\u95e82", "teacher": null, "detail": "java\u5165\u95e82java\u5165\u95e82java\u5165\u95e82\\r\\njava\u5165\u95e82\\r\\njava\u5165\u95e82\\r\\njava\u5165\u95e82\\r\\njava\u5165\u95e82", "degree": "gj", "learn_times": 0, "students": 0, "fav_nums": 0, "image": "courses/2016/11/57035ff200014b8a06000338-240-135_dHfj8Nq.jpg", "click_nums": 2, "is_banner": false, "category": "\u540e\u7aef\u5f00\u53d1", "tag": "", "youneed_know": "", "teacher_tell": "", "add_time": "2016-11-05T16:08:00"}}, {"model": "course.course", "pk": 5, "fields": {"course_org": 6, "name": "java\u5165\u95e83", "desc": "java\u5165\u95e83", "teacher": null, "detail": "java\u5165\u95e83\\r\\njava\u5165\u95e83\\r\\njava\u5165\u95e83\\r\\njava\u5165\u95e83\\r\\njava\u5165\u95e83", "degree": "cj", "learn_times": 0, "students": 1, "fav_nums": 0, "image": "courses/2016/11/57035ff200014b8a06000338-240-135_0nFiBSI.jpg", "click_nums": 1, "is_banner": false, "category": "\u540e\u7aef\u5f00\u53d1", "tag": "", "youneed_know": "", "teacher_tell": "", "add_time": "2016-11-05T16:08:00"}}, {"model": "course.course", "pk": 6, "fields": {"course_org": 10, "name": "python\u5165\u95e82", "desc": "python\u5165\u95e82", "teacher": null, "detail": "python\u5165\u95e82\\r\\npython\u5165\u95e82\\r\\npython\u5165\u95e82\\r\\npython\u5165\u95e82\\r\\npython\u5165\u95e82\\r\\npython\u5165\u95e82", "degree": "zj", "learn_times": 0, "students": 0, "fav_nums": 0, "image": "courses/2016/11/540e57300001d6d906000338-240-135_MSIqfvw.jpg", "click_nums": 0, "is_banner": false, "category": "\u540e\u7aef\u5f00\u53d1", "tag": "", "youneed_know": "", "teacher_tell": "", "add_time": "2016-11-05T16:08:00"}}, {"model": "course.course", "pk": 7, "fields": {"course_org": 2, "name": "django\u4e0evuejs\u5b9e\u6218\u9879\u76ee", "desc": "python\u5165\u95e82", "teacher": null, "detail": "<p>&nbsp; &nbsp; python\u5165\u95e82\\r\\npython\u5165\u95e82\\r\\npython\u5165\u95e82\\r\\npython\u5165\u95e82\\r\\npython\u5165\u95e82</p>", "degree": "zj", "learn_times": 0, "students": 2, "fav_nums": 0, "image": "courses/2016/11/540e57300001d6d906000338-240-135_Z3HIQ2t.jpg", "click_nums": 7, "is_banner": true, "category": "\u540e\u7aef\u5f00\u53d1", "tag": "\u524d\u7aef\u5f00\u53d1", "youneed_know": "\u524d\u7aef\u5f00\u53d1", "teacher_tell": "go\u8bed\u8a00", "add_time": "2016-11-05T16:09:00"}}, {"model": "course.course", "pk": 8, "fields": {"course_org": 1, "name": "django\u5b9e\u6218\u9879\u76ee", "desc": "django\u5b9e\u6218\u9879\u76ee", "teacher": null, "detail": "django\u5b9e\u6218\u9879\u76ee\\r\\ndjango\u5b9e\u6218\u9879\u76ee\\r\\ndjango\u5b9e\u6218\u9879\u76ee\\r\\ndjango\u5b9e\u6218\u9879\u76ee\\r\\ndjango\u5b9e\u6218\u9879\u76ee\\r\\ndjango\u5b9e\u6218\u9879\u76ee", "degree": "zj", "learn_times": 0, "students": 0, "fav_nums": 0, "image": "courses/2016/11/540e57300001d6d906000338-240-135_mvvGYHL.jpg", "click_nums": 1, "is_banner": false, "category": "\u540e\u7aef\u5f00\u53d1", "tag": "python", "youneed_know": "", "teacher_tell": "", "add_time": "2016-11-05T16:09:00"}}, {"model": "course.course", "pk": 9, "fields": {"course_org": 2, "name": "go\u8bed\u8a00\u5165\u95e8", "desc": "django\u5b9e\u6218\u9879\u76ee", "teacher": null, "detail": "django\u5b9e\u6218\u9879\u76ee\\r\\ndjango\u5b9e\u6218\u9879\u76ee\\r\\ndjango\u5b9e\u6218\u9879\u76ee\\r\\ndjango\u5b9e\u6218\u9879\u76ee", "degree": "zj", "learn_times": 0, "students": 1, "fav_nums": 0, "image": "courses/2016/11/540e57300001d6d906000338-240-135_wH52IED.jpg", "click_nums": 13, "is_banner": true, "category": "\u540e\u7aef\u5f00\u53d1", "tag": "go\u8bed\u8a00", "youneed_know": "go\u8bed\u8a00", "teacher_tell": "go\u8bed\u8a00", "add_time": "2016-11-05T16:10:00"}}, {"model": "course.course", "pk": 10, "fields": {"course_org": 2, "name": "django\u4e0evuejs\u5b9e\u6218\u9879\u76ee2", "desc": "django\u4e0evuejs\u5b9e\u6218\u9879\u76ee", "teacher": 1, "detail": "<p>&nbsp; &nbsp; django\u4e0evuejs\u5b9e\u6218\u9879\u76ee</p><p><img src=\\\"/media/courses/ueditor/aobama_20161113225044_773.png\\\" title=\\\"\\\" alt=\\\"aobama.png\\\"/> </p><table><tbody><tr class=\\\"firstRow\\\"><td style=\\\"word-break: break-all;\\\" width=\\\"53\\\" valign=\\\"top\\\">\u8bfe\u7a0b</td><td style=\\\"word-break: break-all;\\\" width=\\\"53\\\" valign=\\\"top\\\">\u8bfe\u65f6<br/> </td><td style=\\\"word-break: break-all;\\\" width=\\\"53\\\" valign=\\\"top\\\">\u96be\u5ea6<br/> </td><td style=\\\"word-break: break-all;\\\" width=\\\"53\\\" valign=\\\"top\\\">\u65f6\u957f<br/> </td><td style=\\\"word-break: break-all;\\\" width=\\\"53\\\" valign=\\\"top\\\">\u5b66\u4e60\u4eba\u6570<br/> </td><td style=\\\"word-break: break-all;\\\" width=\\\"53\\\" valign=\\\"top\\\">\u70b9\u51fb\u6570<br/> </td><td style=\\\"word-break: break-all;\\\" width=\\\"53\\\" valign=\\\"top\\\">\u70b9\u51fb\u6570</td><td style=\\\"word-break: break-all;\\\" width=\\\"53\\\" valign=\\\"top\\\">\u70b9\u51fb\u6570</td></tr><tr><td style=\\\"word-break: break-all;\\\" width=\\\"53\\\" valign=\\\"top\\\">django\u5f00\u53d1<br/> </td><td style=\\\"word-break: break-all;\\\" width=\\\"53\\\" valign=\\\"top\\\">20<br/> </td><td style=\\\"word-break: break-all;\\\" width=\\\"53\\\" valign=\\\"top\\\">\u4e2d\u7ea7<br/> </td><td style=\\\"word-break: break-all;\\\" width=\\\"53\\\" valign=\\\"top\\\">30<br/> </td><td style=\\\"word-break: break-all;\\\" width=\\\"53\\\" valign=\\\"top\\\">100000<br/> </td><td style=\\\"word-break: break-all;\\\" width=\\\"53\\\" valign=\\\"top\\\">100000<br/> </td><td style=\\\"word-break: break-all;\\\" width=\\\"53\\\" valign=\\\"top\\\">100000<br/> </td><td style=\\\"word-break: break-all;\\\" width=\\\"53\\\" valign=\\\"top\\\">100000<br/> </td></tr><tr><td width=\\\"53\\\" valign=\\\"top\\\"><br/> </td><td width=\\\"53\\\" valign=\\\"top\\\"><br/> </td><td width=\\\"53\\\" valign=\\\"top\\\"><br/> </td><td width=\\\"53\\\" valign=\\\"top\\\"><br/> </td><td width=\\\"53\\\" valign=\\\"top\\\"><br/> </td><td width=\\\"53\\\" valign=\\\"top\\\"><br/> </td><td width=\\\"53\\\" valign=\\\"top\\\"><br/> </td><td width=\\\"53\\\" valign=\\\"top\\\"><br/> </td></tr><tr><td width=\\\"53\\\" valign=\\\"top\\\"><br/> </td><td width=\\\"53\\\" valign=\\\"top\\\"><br/> </td><td width=\\\"53\\\" valign=\\\"top\\\"><br/> </td><td width=\\\"53\\\" valign=\\\"top\\\"><br/> </td><td width=\\\"53\\\" valign=\\\"top\\\"><br/> </td><td width=\\\"53\\\" valign=\\\"top\\\"><br/> </td><td width=\\\"53\\\" valign=\\\"top\\\"><br/> </td><td width=\\\"53\\\" valign=\\\"top\\\"><br/> </td></tr><tr><td width=\\\"53\\\" valign=\\\"top\\\"><br/> </td><td width=\\\"53\\\" valign=\\\"top\\\"><br/> </td><td width=\\\"53\\\" valign=\\\"top\\\"><br/> </td><td width=\\\"53\\\" valign=\\\"top\\\"><br/> </td><td width=\\\"53\\\" valign=\\\"top\\\"><br/> </td><td width=\\\"53\\\" valign=\\\"top\\\"><br/> </td><td width=\\\"53\\\" valign=\\\"top\\\"><br/> </td><td width=\\\"53\\\" valign=\\\"top\\\"><br/> </td></tr><tr><td width=\\\"53\\\" valign=\\\"top\\\"><br/> </td><td width=\\\"53\\\" valign=\\\"top\\\"><br/> </td><td width=\\\"53\\\" valign=\\\"top\\\"><br/> </td><td width=\\\"53\\\" valign=\\\"top\\\"><br/> </td><td width=\\\"53\\\" valign=\\\"top\\\"><br/> </td><td width=\\\"53\\\" valign=\\\"top\\\"><br/> </td><td width=\\\"53\\\" valign=\\\"top\\\"><br/> </td><td width=\\\"53\\\" valign=\\\"top\\\"><br/> </td></tr></tbody></table><p><br/> </p><p><img src=\\\"http://img.baidu.com/hi/jx2/j_0025.gif\\\"/> </p><p><br/> </p><h1 class=\\\"ue_t\\\" label=\\\"Title center\\\" name=\\\"tc\\\" style=\\\"border-bottom-color:#cccccc;border-bottom-width:2px;border-bottom-style:solid;padding:0px 4px 0px 0px;text-align:center;margin:0px 0px 20px;\\\"><span style=\\\"color:#c0504d;\\\">[\u952e\u5165\u6587\u6863\u6807\u9898]</span></h1><p style=\\\"text-align:center;\\\"><strong class=\\\"ue_t\\\">[\u952e\u5165\u6587\u6863\u526f\u6807\u9898]</strong></p><h3><span class=\\\"ue_t\\\" style=\\\"font-family:\u5e7c\u5706\\\">[\u6807\u9898 1]</span></h3><p class=\\\"ue_t\\\" style=\\\"text-indent:2em;\\\">\u5bf9\u4e8e\u201c\u63d2\u5165\u201d\u9009\u9879\u5361\u4e0a\u7684\u5e93\uff0c\u5728\u8bbe\u8ba1\u65f6\u90fd\u5145\u5206\u8003\u8651\u4e86\u5176\u4e2d\u7684\u9879\u4e0e\u6587\u6863\u6574\u4f53\u5916\u89c2\u7684\u534f\u8c03\u6027\u3002 \u60a8\u53ef\u4ee5\u4f7f\u7528\u8fd9\u4e9b\u5e93\u6765\u63d2\u5165\u8868\u683c\u3001\u9875\u7709\u3001\u9875\u811a\u3001\u5217\u8868\u3001\u5c01\u9762\u4ee5\u53ca\u5176\u4ed6\u6587\u6863\u6784\u5efa\u57fa\u5757\u3002 \u60a8\u521b\u5efa\u7684\u56fe\u7247\u3001\u56fe\u8868\u6216\u5173\u7cfb\u56fe\u4e5f\u5c06\u4e0e\u5f53\u524d\u7684\u6587\u6863\u5916\u89c2\u534f\u8c03\u4e00\u81f4\u3002</p><p class=\\\"ue_t\\\" style=\\\"text-indent:2em;\\\"><img src=\\\"http://127.0.0.1:8000/media/courses/ueditor/57aa86a0000145c512000460_20161210234050_865.jpg\\\" title=\\\"\\\" alt=\\\"57aa86a0000145c512000460.jpg\\\"/> </p><h3><span class=\\\"ue_t\\\" style=\\\"font-family:\u5e7c\u5706\\\">[\u6807\u9898 2]</span></h3><p><img src=\\\"http://api.map.baidu.com/staticimage?center=116.410899,39.863624&zoom=11&width=530&height=340&markers=116.404,39.915\\\" width=\\\"530\\\" height=\\\"340\\\"/> </p><p class=\\\"ue_t\\\" style=\\\"text-indent:2em;\\\">\u5728\u201c\u5f00\u59cb\u201d\u9009\u9879\u5361\u4e0a\uff0c\u901a\u8fc7\u4ece\u5feb\u901f\u6837\u5f0f\u5e93\u4e2d\u4e3a\u6240\u9009\u6587\u672c\u9009\u62e9\u4e00\u79cd\u5916\u89c2\uff0c\u60a8\u53ef\u4ee5\u65b9\u4fbf\u5730\u66f4\u6539\u6587\u6863\u4e2d\u6240\u9009\u6587\u672c\u7684\u683c\u5f0f\u3002 \u60a8\u8fd8\u53ef\u4ee5\u4f7f\u7528\u201c\u5f00\u59cb\u201d\u9009\u9879\u5361\u4e0a\u7684\u5176\u4ed6\u63a7\u4ef6\u6765\u76f4\u63a5\u8bbe\u7f6e\u6587\u672c\u683c\u5f0f\u3002\u5927\u591a\u6570\u63a7\u4ef6\u90fd\u5141\u8bb8\u60a8\u9009\u62e9\u662f\u4f7f\u7528\u5f53\u524d\u4e3b\u9898\u5916\u89c2\uff0c\u8fd8\u662f\u4f7f\u7528\u67d0\u79cd\u76f4\u63a5\u6307\u5b9a\u7684\u683c\u5f0f\u3002</p><h3><span class=\\\"ue_t\\\" style=\\\"font-family:\u5e7c\u5706\\\">[\u6807\u9898 3]</span></h3><p>2016-12-10</p><p class=\\\"ue_t\\\">\u5bf9\u4e8e\u201c\u63d2\u5165\u201d\u9009\u9879\u5361\u4e0a\u7684\u5e93\uff0c\u5728\u8bbe\u8ba1\u65f6\u90fd\u5145\u5206\u8003\u8651\u4e86\u5176\u4e2d\u7684\u9879\u4e0e\u6587\u6863\u6574\u4f53\u5916\u89c2\u7684\u534f\u8c03\u6027\u3002 \u60a8\u53ef\u4ee5\u4f7f\u7528\u8fd9\u4e9b\u5e93\u6765\u63d2\u5165\u8868\u683c\u3001\u9875\u7709\u3001\u9875\u811a\u3001\u5217\u8868\u3001\u5c01\u9762\u4ee5\u53ca\u5176\u4ed6\u6587\u6863\u6784\u5efa\u57fa\u5757\u3002 \u60a8\u521b\u5efa\u7684\u56fe\u7247\u3001\u56fe\u8868\u6216\u5173\u7cfb\u56fe\u4e5f\u5c06\u4e0e\u5f53\u524d\u7684\u6587\u6863\u5916\u89c2\u534f\u8c03\u4e00\u81f4\u3002</p><p><br/> </p>", "degree": "gj", "learn_times": 0, "students": 10, "fav_nums": 0, "image": "courses/2016/11/540e57300001d6d906000338-240-135_n0L8vbw.jpg", "click_nums": 102, "is_banner": false, "category": "\u540e\u7aef\u5f00\u53d1", "tag": "python", "youneed_know": "python\u57fa\u7840\u4f60\u9700\u8981\u6709", "teacher_tell": "django\u7684\u8fdb\u9636\u5f00\u53d1", "add_time": "2016-11-05T16:10:00"}}, {"model": "course.course", "pk": 11, "fields": {"course_org": 1, "name": "\u524d\u7aef\u5f00\u53d1", "desc": "\u524d\u7aef\u5f00\u53d1", "teacher": 2, "detail": "\u524d\u7aef\u5f00\u53d1", "degree": "cj", "learn_times": 0, "students": 0, "fav_nums": 0, "image": "courses/2016/11/default_middile_1.png", "click_nums": 3, "is_banner": false, "category": "\u540e\u7aef\u5f00\u53d1", "tag": "\u524d\u7aef\u5f00\u53d1", "youneed_know": "\u524d\u7aef\u5f00\u53d1", "teacher_tell": "\u524d\u7aef\u5f00\u53d1", "add_time": "2016-11-09T00:01:00"}}, {"model": "course.course", "pk": 12, "fields": {"course_org": 2, "name": "scrapy\u6559\u7a0b", "desc": "scrapy\u6559\u7a0bscrapy\u6559\u7a0bscrapy\u6559\u7a0bscrapy\u6559\u7a0bscrapy\u6559\u7a0bscrapy\u6559\u7a0b", "teacher": null, "detail": "<h1 class=\\\"ue_t\\\" label=\\\"Title center\\\" name=\\\"tc\\\" style=\\\"border-bottom-color:#cccccc;border-bottom-width:2px;border-bottom-style:solid;padding:0px 4px 0px 0px;text-align:center;margin:0px 0px 20px;\\\"><span style=\\\"color:#c0504d;\\\">[\u952e\u5165\u6587\u6863\u6807\u9898]</span></h1><p style=\\\"text-align:center;\\\"><strong class=\\\"ue_t\\\">[\u952e\u5165\u6587\u6863\u526f\u6807\u9898]</strong></p><h3><span class=\\\"ue_t\\\" style=\\\"font-family:\u5e7c\u5706\\\">[\u6807\u9898 1]</span></h3><p class=\\\"ue_t\\\" style=\\\"text-indent:2em;\\\">\u5bf9\u4e8e\u201c\u63d2\u5165\u201d\u9009\u9879\u5361\u4e0a\u7684\u5e93\uff0c\u5728\u8bbe\u8ba1\u65f6\u90fd\u5145\u5206\u8003\u8651\u4e86\u5176\u4e2d\u7684\u9879\u4e0e\u6587\u6863\u6574\u4f53\u5916\u89c2\u7684\u534f\u8c03\u6027\u3002 \u60a8\u53ef\u4ee5\u4f7f\u7528\u8fd9\u4e9b\u5e93\u6765\u63d2\u5165\u8868\u683c\u3001\u9875\u7709\u3001\u9875\u811a\u3001\u5217\u8868\u3001\u5c01\u9762\u4ee5\u53ca\u5176\u4ed6\u6587\u6863\u6784\u5efa\u57fa\u5757\u3002 \u60a8\u521b\u5efa\u7684\u56fe\u7247\u3001\u56fe\u8868\u6216\u5173\u7cfb\u56fe\u4e5f\u5c06\u4e0e\u5f53\u524d\u7684\u6587\u6863\u5916\u89c2\u534f\u8c03\u4e00\u81f4\u3002</p><p class=\\\"ue_t\\\" style=\\\"text-indent:2em;\\\"><img src=\\\"/media/courses/ueditor/57aa86a0000145c512000460_20161210234050_865.jpg\\\" title=\\\"\\\" alt=\\\"57aa86a0000145c512000460.jpg\\\"/> </p><h3><span class=\\\"ue_t\\\" style=\\\"font-family:\u5e7c\u5706\\\">[\u6807\u9898 2]</span></h3><p><img src=\\\"http://api.map.baidu.com/staticimage?center=116.410899,39.863624&zoom=11&width=530&height=340&markers=116.404,39.915\\\" width=\\\"530\\\" height=\\\"340\\\"/> </p><p class=\\\"ue_t\\\" style=\\\"text-indent:2em;\\\">\u5728\u201c\u5f00\u59cb\u201d\u9009\u9879\u5361\u4e0a\uff0c\u901a\u8fc7\u4ece\u5feb\u901f\u6837\u5f0f\u5e93\u4e2d\u4e3a\u6240\u9009\u6587\u672c\u9009\u62e9\u4e00\u79cd\u5916\u89c2\uff0c\u60a8\u53ef\u4ee5\u65b9\u4fbf\u5730\u66f4\u6539\u6587\u6863\u4e2d\u6240\u9009\u6587\u672c\u7684\u683c\u5f0f\u3002 \u60a8\u8fd8\u53ef\u4ee5\u4f7f\u7528\u201c\u5f00\u59cb\u201d\u9009\u9879\u5361\u4e0a\u7684\u5176\u4ed6\u63a7\u4ef6\u6765\u76f4\u63a5\u8bbe\u7f6e\u6587\u672c\u683c\u5f0f\u3002\u5927\u591a\u6570\u63a7\u4ef6\u90fd\u5141\u8bb8\u60a8\u9009\u62e9\u662f\u4f7f\u7528\u5f53\u524d\u4e3b\u9898\u5916\u89c2\uff0c\u8fd8\u662f\u4f7f\u7528\u67d0\u79cd\u76f4\u63a5\u6307\u5b9a\u7684\u683c\u5f0f\u3002</p><h3><span class=\\\"ue_t\\\" style=\\\"font-family:\u5e7c\u5706\\\">[\u6807\u9898 3]</span></h3><p>2016-12-10</p><p class=\\\"ue_t\\\">\u5bf9\u4e8e\u201c\u63d2\u5165\u201d\u9009\u9879\u5361\u4e0a\u7684\u5e93\uff0c\u5728\u8bbe\u8ba1\u65f6\u90fd\u5145\u5206\u8003\u8651\u4e86\u5176\u4e2d\u7684\u9879\u4e0e\u6587\u6863\u6574\u4f53\u5916\u89c2\u7684\u534f\u8c03\u6027\u3002 \u60a8\u53ef\u4ee5\u4f7f\u7528\u8fd9\u4e9b\u5e93\u6765\u63d2\u5165\u8868\u683c\u3001\u9875\u7709\u3001\u9875\u811a\u3001\u5217\u8868\u3001\u5c01\u9762\u4ee5\u53ca\u5176\u4ed6\u6587\u6863\u6784\u5efa\u57fa\u5757\u3002 \u60a8\u521b\u5efa\u7684\u56fe\u7247\u3001\u56fe\u8868\u6216\u5173\u7cfb\u56fe\u4e5f\u5c06\u4e0e\u5f53\u524d\u7684\u6587\u6863\u5916\u89c2\u534f\u8c03\u4e00\u81f4\u3002</p><p class=\\\"ue_t\\\"><br/> </p><p><br/> </p>", "degree": "zj", "learn_times": 55, "students": 0, "fav_nums": 1, "image": "courses/2016/12/57035ff200014b8a06000338-240-135_dHfj8Nq.jpg", "click_nums": 3, "is_banner": false, "category": "\u540e\u7aef\u5f00\u53d1", "tag": "django\u5f00\u53d1", "youneed_know": "django\u5f00\u53d1", "teacher_tell": "\u524d\u7aef\u5f00\u53d1", "add_time": "2016-12-10T23:39:00"}}, {"model": "course.course", "pk": 13, "fields": {"course_org": 1, "name": "xadmin\u8fdb\u9636\u5f00\u53d1", "desc": "xadmin\u8fdb\u9636\u5f00\u53d1xadmin\u8fdb\u9636\u5f00\u53d1xadmin\u8fdb\u9636\u5f00\u53d1xadmin\u8fdb\u9636\u5f00\u53d1", "teacher": 1, "detail": "<h1 class=\\\"ue_t\\\" label=\\\"Title center\\\" name=\\\"tc\\\" style=\\\"border-bottom-color:#cccccc;border-bottom-width:2px;border-bottom-style:solid;padding:0px 4px 0px 0px;text-align:center;margin:0px 0px 20px;\\\"><span style=\\\"color:#c0504d;\\\">[\u952e\u5165\u6587\u6863\u6807\u9898]</span></h1><p style=\\\"text-align:center;\\\"><strong class=\\\"ue_t\\\">[\u952e\u5165\u6587\u6863\u526f\u6807\u9898]</strong></p><h3><span class=\\\"ue_t\\\" style=\\\"font-family:\u5e7c\u5706\\\">[\u6807\u9898 1]</span></h3><p class=\\\"ue_t\\\" style=\\\"text-indent:2em;\\\">\u5bf9\u4e8e\u201c\u63d2\u5165\u201d\u9009\u9879\u5361\u4e0a\u7684\u5e93\uff0c\u5728\u8bbe\u8ba1\u65f6\u90fd\u5145\u5206\u8003\u8651\u4e86\u5176\u4e2d\u7684\u9879\u4e0e\u6587\u6863\u6574\u4f53\u5916\u89c2\u7684\u534f\u8c03\u6027\u3002 \u60a8\u53ef\u4ee5\u4f7f\u7528\u8fd9\u4e9b\u5e93\u6765\u63d2\u5165\u8868\u683c\u3001\u9875\u7709\u3001\u9875\u811a\u3001\u5217\u8868\u3001\u5c01\u9762\u4ee5\u53ca\u5176\u4ed6\u6587\u6863\u6784\u5efa\u57fa\u5757\u3002 \u60a8\u521b\u5efa\u7684\u56fe\u7247\u3001\u56fe\u8868\u6216\u5173\u7cfb\u56fe\u4e5f\u5c06\u4e0e\u5f53\u524d\u7684\u6587\u6863\u5916\u89c2\u534f\u8c03\u4e00\u81f4\u3002</p><p class=\\\"ue_t\\\" style=\\\"text-indent:2em;\\\"><img src=\\\"http://127.0.0.1:8000/media/courses/ueditor/57aa86a0000145c512000460_20161210234050_865.jpg\\\" title=\\\"\\\" alt=\\\"57aa86a0000145c512000460.jpg\\\"/> </p><h3><span class=\\\"ue_t\\\" style=\\\"font-family:\u5e7c\u5706\\\">[\u6807\u9898 2]</span></h3><p><img src=\\\"http://api.map.baidu.com/staticimage?center=116.410899,39.863624&zoom=11&width=530&height=340&markers=116.404,39.915\\\" width=\\\"530\\\" height=\\\"340\\\"/> </p><p class=\\\"ue_t\\\" style=\\\"text-indent:2em;\\\">\u5728\u201c\u5f00\u59cb\u201d\u9009\u9879\u5361\u4e0a\uff0c\u901a\u8fc7\u4ece\u5feb\u901f\u6837\u5f0f\u5e93\u4e2d\u4e3a\u6240\u9009\u6587\u672c\u9009\u62e9\u4e00\u79cd\u5916\u89c2\uff0c\u60a8\u53ef\u4ee5\u65b9\u4fbf\u5730\u66f4\u6539\u6587\u6863\u4e2d\u6240\u9009\u6587\u672c\u7684\u683c\u5f0f\u3002 \u60a8\u8fd8\u53ef\u4ee5\u4f7f\u7528\u201c\u5f00\u59cb\u201d\u9009\u9879\u5361\u4e0a\u7684\u5176\u4ed6\u63a7\u4ef6\u6765\u76f4\u63a5\u8bbe\u7f6e\u6587\u672c\u683c\u5f0f\u3002\u5927\u591a\u6570\u63a7\u4ef6\u90fd\u5141\u8bb8\u60a8\u9009\u62e9\u662f\u4f7f\u7528\u5f53\u524d\u4e3b\u9898\u5916\u89c2\uff0c\u8fd8\u662f\u4f7f\u7528\u67d0\u79cd\u76f4\u63a5\u6307\u5b9a\u7684\u683c\u5f0f\u3002</p><h3><span class=\\\"ue_t\\\" style=\\\"font-family:\u5e7c\u5706\\\">[\u6807\u9898 3]</span></h3><p>2016-12-10</p><p class=\\\"ue_t\\\">\u5bf9\u4e8e\u201c\u63d2\u5165\u201d\u9009\u9879\u5361\u4e0a\u7684\u5e93\uff0c\u5728\u8bbe\u8ba1\u65f6\u90fd\u5145\u5206\u8003\u8651\u4e86\u5176\u4e2d\u7684\u9879\u4e0e\u6587\u6863\u6574\u4f53\u5916\u89c2\u7684\u534f\u8c03\u6027\u3002 \u60a8\u53ef\u4ee5\u4f7f\u7528\u8fd9\u4e9b\u5e93\u6765\u63d2\u5165\u8868\u683c\u3001\u9875\u7709\u3001\u9875\u811a\u3001\u5217\u8868\u3001\u5c01\u9762\u4ee5\u53ca\u5176\u4ed6\u6587\u6863\u6784\u5efa\u57fa\u5757\u3002 \u60a8\u521b\u5efa\u7684\u56fe\u7247\u3001\u56fe\u8868\u6216\u5173\u7cfb\u56fe\u4e5f\u5c06\u4e0e\u5f53\u524d\u7684\u6587\u6863\u5916\u89c2\u534f\u8c03\u4e00\u81f4\u3002</p><p class=\\\"ue_t\\\"><br/> </p><p><br/></p>", "degree": "zj", "learn_times": 30, "students": 1, "fav_nums": 1, "image": "courses/2016/12/mysql.jpg", "click_nums": 4, "is_banner": false, "category": "\u540e\u7aef\u5f00\u53d1", "tag": "django\u5f00\u53d1", "youneed_know": "django\u5f00\u53d1", "teacher_tell": "django\u5f00\u53d1", "add_time": "2016-12-10T23:43:00"}}, {"model": "course.lesson", "pk": 1, "fields": {"course": 1, "name": "\u7b2c\u4e00\u7ae0 django\u57fa\u7840\u77e5\u8bc6", "learn_times": 20, "add_time": "2016-10-25T23:44:00"}}, {"model": "course.lesson", "pk": 2, "fields": {"course": 10, "name": "\u7b2c\u4e00\u7ae0 \u57fa\u7840\u77e5\u8bc6", "learn_times": 0, "add_time": "2016-11-05T21:50:00"}}, {"model": "course.lesson", "pk": 3, "fields": {"course": 10, "name": "\u7b2c\u4e8c\u7ae0 \u8fdb\u9636\u5f00\u53d1", "learn_times": 0, "add_time": "2016-11-05T21:50:00"}}, {"model": "course.lesson", "pk": 4, "fields": {"course": 11, "name": "\u7b2c\u4e00\u7ae0", "learn_times": 10, "add_time": "2016-11-09T00:01:00"}}, {"model": "course.lesson", "pk": 5, "fields": {"course": 1, "name": "\u7b2c\u4e8c\u7ae0 django url\u914d\u7f6e", "learn_times": 30, "add_time": "2016-12-10T23:32:00"}}, {"model": "course.lesson", "pk": 6, "fields": {"course": 1, "name": "\u7b2c\u4e09\u7ae0 django model\u914d\u7f6e\u548c\u7f16\u7801", "learn_times": 50, "add_time": "2016-12-10T23:32:00"}}, {"model": "course.lesson", "pk": 7, "fields": {"course": 10, "name": "\u7b2c\u4e09\u7ae0 \u9700\u6c42\u5206\u6790\u548c\u6570\u636e\u5e93\u8bbe\u8ba1", "learn_times": 200, "add_time": "2016-12-11T00:00:00"}}, {"model": "course.lesson", "pk": 8, "fields": {"course": 10, "name": "\u7b2c\u56db\u7ae0 django\u57fa\u7840\u77e5\u8bc6\u56de\u987e", "learn_times": 30, "add_time": "2016-12-11T00:00:00"}}, {"model": "course.lesson", "pk": 9, "fields": {"course": 10, "name": "\u7b2c\u4e94\u7ae0 \u901a\u8fc7xadmin\u642d\u5efa\u540e\u53f0\u7ba1\u7406\u7cfb\u7edf", "learn_times": 60, "add_time": "2016-12-11T00:01:00"}}, {"model": "course.video", "pk": 1, "fields": {"lesson": 2, "name": "1.1 hello world", "url": "http://www.imooc.com/video/1430", "learn_times": 0, "add_time": "2016-11-05T21:59:00"}}, {"model": "course.video", "pk": 2, "fields": {"lesson": 2, "name": "1.2 \u57fa\u672c\u6982\u5ff5", "url": "http://www.imooc.com/video/1430", "learn_times": 0, "add_time": "2016-11-05T22:02:00"}}, {"model": "course.video", "pk": 3, "fields": {"lesson": 3, "name": "2.1 test", "url": "http://www.imooc.com/video/1430", "learn_times": 0, "add_time": "2016-11-05T22:02:00"}}, {"model": "course.video", "pk": 4, "fields": {"lesson": 3, "name": "2.2 test2", "url": "http://www.imooc.com/video/1430", "learn_times": 0, "add_time": "2016-11-05T22:02:00"}}, {"model": "course.video", "pk": 5, "fields": {"lesson": 2, "name": "django settings.py \u914d\u7f6e", "url": "http://imooc.com/", "learn_times": 0, "add_time": "2016-12-10T23:35:00"}}, {"model": "course.video", "pk": 6, "fields": {"lesson": 7, "name": "3.1 django app\u8bbe\u8ba1", "url": "http://imooc.com/", "learn_times": 0, "add_time": "2016-12-11T00:01:00"}}, {"model": "course.video", "pk": 7, "fields": {"lesson": 7, "name": "3.2 django model\u8bbe\u8ba1", "url": "http://imooc.com/", "learn_times": 0, "add_time": "2016-12-11T00:02:00"}}, {"model": "course.video", "pk": 8, "fields": {"lesson": 7, "name": "3.3 django users models\u8bbe\u8ba1", "url": "http://imooc.com/", "learn_times": 0, "add_time": "2016-12-11T00:02:00"}}, {"model": "course.video", "pk": 9, "fields": {"lesson": 7, "name": "3.4 django course models\u8bbe\u8ba1", "url": "http://imooc.com/", "learn_times": 0, "add_time": "2016-12-11T00:02:00"}}, {"model": "course.video", "pk": 10, "fields": {"lesson": 7, "name": "3.5 organization models\u8bbe\u8ba1", "url": "http://imooc.com/", "learn_times": 0, "add_time": "2016-12-11T00:02:00"}}, {"model": "course.video", "pk": 11, "fields": {"lesson": 8, "name": "4.1 django settings\u914d\u7f6e", "url": "http://imooc.com/", "learn_times": 0, "add_time": "2016-12-11T00:03:00"}}, {"model": "course.video", "pk": 12, "fields": {"lesson": 8, "name": "4.2 models\u8bbe\u8ba1", "url": "http://imooc.com/", "learn_times": 20, "add_time": "2016-12-11T00:04:00"}}, {"model": "course.video", "pk": 13, "fields": {"lesson": 9, "name": "5.1 django admin\u8bb2\u89e3", "url": "http://imooc.com/", "learn_times": 10, "add_time": "2016-12-11T00:05:00"}}, {"model": "course.video", "pk": 14, "fields": {"lesson": 9, "name": "5.2 xadmin\u7684\u5b89\u88c5\u548c\u6ce8\u518c", "url": "http://imooc.com/", "learn_times": 0, "add_time": "2016-12-11T00:05:00"}}, {"model": "course.courseresource", "pk": 1, "fields": {"course": 10, "name": "\u524d\u7aef\u9875\u9762", "download": "course/resource/2016/11/media.zip", "add_time": "2016-11-05T22:13:00"}}, {"model": "course.courseresource", "pk": 2, "fields": {"course": 11, "name": "\u524d\u7aef\u9875\u9762", "download": "course/resource/2016/11/curl_wget.rar", "add_time": "2016-11-09T00:01:00"}}, {"model": "organization.citydict", "pk": 1, "fields": {"name": "\u5317\u4eac\u5e02", "desc": "\u5317\u4eac\u5e02", "add_time": "2016-11-02T21:17:00"}}, {"model": "organization.citydict", "pk": 2, "fields": {"name": "\u4e0a\u6d77\u5e02", "desc": "\u4e0a\u6d77\u5e02", "add_time": "2016-11-02T21:18:00"}}, {"model": "organization.citydict", "pk": 3, "fields": {"name": "\u5e7f\u5dde\u5e02", "desc": "\u5e7f\u5dde\u5e02", "add_time": "2016-11-02T21:18:00"}}, {"model": "organization.citydict", "pk": 4, "fields": {"name": "\u6df1\u5733\u5e02", "desc": "\u6df1\u5733\u5e02", "add_time": "2016-11-02T21:18:00"}}, {"model": "organization.citydict", "pk": 5, "fields": {"name": "\u5929\u6d25\u5e02", "desc": "\u5929\u6d25\u5e02", "add_time": "2016-11-02T21:20:00"}}, {"model": "organization.courseorg", "pk": 1, "fields": {"name": "\u6155\u8bfe\u7f51", "desc": "<p>&nbsp; &nbsp;</p><h1 class=\\\"ue_t\\\" label=\\\"Title center\\\" name=\\\"tc\\\" style=\\\"border-bottom-color:#cccccc;border-bottom-width:2px;border-bottom-style:solid;padding:0px 4px 0px 0px;text-align:center;margin:0px 0px 20px;\\\"><span style=\\\"color:#c0504d;\\\">[\u952e\u5165\u6587\u6863\u6807\u9898]</span></h1><p style=\\\"text-align:center;\\\"><strong class=\\\"ue_t\\\">[\u952e\u5165\u6587\u6863\u526f\u6807\u9898]</strong></p><h3><span class=\\\"ue_t\\\" style=\\\"font-family:\u5e7c\u5706\\\">[\u6807\u9898 1]</span></h3><p class=\\\"ue_t\\\" style=\\\"text-indent:2em;\\\">\u5bf9\u4e8e\u201c\u63d2\u5165\u201d\u9009\u9879\u5361\u4e0a\u7684\u5e93\uff0c\u5728\u8bbe\u8ba1\u65f6\u90fd\u5145\u5206\u8003\u8651\u4e86\u5176\u4e2d\u7684\u9879\u4e0e\u6587\u6863\u6574\u4f53\u5916\u89c2\u7684\u534f\u8c03\u6027\u3002 \u60a8\u53ef\u4ee5\u4f7f\u7528\u8fd9\u4e9b\u5e93\u6765\u63d2\u5165\u8868\u683c\u3001\u9875\u7709\u3001\u9875\u811a\u3001\u5217\u8868\u3001\u5c01\u9762\u4ee5\u53ca\u5176\u4ed6\u6587\u6863\u6784\u5efa\u57fa\u5757\u3002 \u60a8\u521b\u5efa\u7684\u56fe\u7247\u3001\u56fe\u8868\u6216\u5173\u7cfb\u56fe\u4e5f\u5c06\u4e0e\u5f53\u524d\u7684\u6587\u6863\u5916\u89c2\u534f\u8c03\u4e00\u81f4\u3002</p><p class=\\\"ue_t\\\" style=\\\"text-indent:2em;\\\"><img src=\\\"/media/courses/ueditor/57aa86a0000145c512000460_20161210234050_865.jpg\\\" title=\\\"\\\" alt=\\\"57aa86a0000145c512000460.jpg\\\"/> </p><h3><span class=\\\"ue_t\\\" style=\\\"font-family:\u5e7c\u5706\\\">[\u6807\u9898 2]</span></h3><p><img src=\\\"http://api.map.baidu.com/staticimage?center=116.410899,39.863624&zoom=11&width=530&height=340&markers=116.404,39.915\\\" width=\\\"530\\\" height=\\\"340\\\"/> </p><p class=\\\"ue_t\\\" style=\\\"text-indent:2em;\\\">\u5728\u201c\u5f00\u59cb\u201d\u9009\u9879\u5361\u4e0a\uff0c\u901a\u8fc7\u4ece\u5feb\u901f\u6837\u5f0f\u5e93\u4e2d\u4e3a\u6240\u9009\u6587\u672c\u9009\u62e9\u4e00\u79cd\u5916\u89c2\uff0c\u60a8\u53ef\u4ee5\u65b9\u4fbf\u5730\u66f4\u6539\u6587\u6863\u4e2d\u6240\u9009\u6587\u672c\u7684\u683c\u5f0f\u3002 \u60a8\u8fd8\u53ef\u4ee5\u4f7f\u7528\u201c\u5f00\u59cb\u201d\u9009\u9879\u5361\u4e0a\u7684\u5176\u4ed6\u63a7\u4ef6\u6765\u76f4\u63a5\u8bbe\u7f6e\u6587\u672c\u683c\u5f0f\u3002\u5927\u591a\u6570\u63a7\u4ef6\u90fd\u5141\u8bb8\u60a8\u9009\u62e9\u662f\u4f7f\u7528\u5f53\u524d\u4e3b\u9898\u5916\u89c2\uff0c\u8fd8\u662f\u4f7f\u7528\u67d0\u79cd\u76f4\u63a5\u6307\u5b9a\u7684\u683c\u5f0f\u3002</p><h3><span class=\\\"ue_t\\\" style=\\\"font-family:\u5e7c\u5706\\\">[\u6807\u9898 3]</span></h3><p>2016-12-10</p><p class=\\\"ue_t\\\">\u5bf9\u4e8e\u201c\u63d2\u5165\u201d\u9009\u9879\u5361\u4e0a\u7684\u5e93\uff0c\u5728\u8bbe\u8ba1\u65f6\u90fd\u5145\u5206\u8003\u8651\u4e86\u5176\u4e2d\u7684\u9879\u4e0e\u6587\u6863\u6574\u4f53\u5916\u89c2\u7684\u534f\u8c03\u6027\u3002 \u60a8\u53ef\u4ee5\u4f7f\u7528\u8fd9\u4e9b\u5e93\u6765\u63d2\u5165\u8868\u683c\u3001\u9875\u7709\u3001\u9875\u811a\u3001\u5217\u8868\u3001\u5c01\u9762\u4ee5\u53ca\u5176\u4ed6\u6587\u6863\u6784\u5efa\u57fa\u5757\u3002 \u60a8\u521b\u5efa\u7684\u56fe\u7247\u3001\u56fe\u8868\u6216\u5173\u7cfb\u56fe\u4e5f\u5c06\u4e0e\u5f53\u524d\u7684\u6587\u6863\u5916\u89c2\u534f\u8c03\u4e00\u81f4\u3002</p><p class=\\\"ue_t\\\"><br/> </p><p><br/></p><p><br/></p>", "click_nums": 22, "fav_nums": 1, "image": "org/2016/11/imooc.png", "address": "\u5317\u4eac\u5e02", "add_time": "2016-11-02T21:28:00", "city": 1, "category": "pxjg", "course_nums": 4, "students": 0, "tag": "\u5168\u56fd\u77e5\u540d"}}, {"model": "organization.courseorg", "pk": 2, "fields": {"name": "\u5317\u4eac\u5927\u5b66", "desc": "\u6155\u8bfe\u7f51\u662f\u5782\u76f4\u7684\u4e92\u8054\u7f51IT\u6280\u80fd\u514d\u8d39\u5b66\u4e60\u7f51\u7ad9\u3002\u4ee5\u72ec\u5bb6\u89c6\u9891\u6559\u7a0b\u3001\u5728\u7ebf\u7f16\u7a0b\u5de5\u5177\u3001\u5b66\u4e60\u8ba1\u5212\u3001\u95ee\u7b54\u793e\u533a\u4e3a\u6838\u5fc3\u7279\u8272\u3002\u5728\u8fd9\u91cc\uff0c\u4f60\u53ef\u4ee5\u627e\u5230\u6700\u597d\u7684\u4e92\u8054\u7f51\u6280\u672f\u725b\u4eba\uff0c\u4e5f\u53ef\u4ee5\u901a\u8fc7\u514d\u8d39\u7684\u5728\u7ebf\u516c\u5f00\u89c6\u9891\u8bfe\u7a0b\u5b66\u4e60\u56fd\u5185\u9886\u5148\u7684\u4e92\u8054\u7f51IT\u6280\u672f\u3002\\r\\n    \u6155\u8bfe\u7f51\u8bfe\u7a0b\u6db5\u76d6\u524d\u7aef\u5f00\u53d1\u3001PHP\u3001Html5\u3001Android\u3001iOS\u3001Swift\u7b49IT\u524d\u6cbf\u6280\u672f\u8bed\u8a00\uff0c\u5305\u62ec\u57fa\u7840\u8bfe\u7a0b\u3001\u5b9e\u7528\u6848\u4f8b\u3001\u9ad8\u7ea7\u5206\u4eab\u4e09\u5927\u7c7b\u578b\uff0c\u9002\u5408\u4e0d\u540c\u9636\u6bb5\u7684\u5b66\u4e60\u4eba\u7fa4\u3002\u4ee5\u7eaf\u5e72\u8d27\u3001\u77ed\u89c6\u9891\u7684\u5f62\u5f0f\u4e3a\u5e73\u53f0\u7279\u70b9\uff0c\u4e3a\u5728\u6821\u5b66\u751f\u3001\u804c\u573a\u767d\u9886\u63d0\u4f9b\u4e86\u4e00\u4e2a\u8fc5\u901f\u63d0\u5347\u6280\u80fd\u3001\u5171\u540c\u5206\u4eab\u8fdb\u6b65\u7684\u5b66\u4e60\u5e73\u53f0\u3002[1] \\r\\n4\u67082\u65e5\uff0c\u56fd\u5185\u9996\u4e2aIT\u6280\u80fd\u5b66\u4e60\u7c7b\u5e94\u7528\u2014\u2014\u6155\u8bfe\u7f513.1.0\u7248\u672c\u5728\u5e94\u7528\u5b9d\u9996\u53d1\u3002\u636e\u4e86\u89e3\uff0c\u5728\u6b64\u6b21\u4e0a\u7ebf\u7684\u7248\u672c\u4e2d\uff0c\u6155\u8bfe\u7f51\u65b0\u589e\u4e86\u8bfe\u7a0b\u5386\u53f2\u8bb0\u5f55\u3001\u76f8\u5173\u8bfe\u7a0b\u63a8\u8350\u7b49\u56db\u5927\u529f\u80fd\uff0c\u4e3a\u7528\u6237\u8425\u9020\u66f4\u52a0\u4e30\u5bcc\u7684\u79fb\u52a8\u7aefIT\u5b66\u4e60\u4f53\u9a8c\u3002[2]", "click_nums": 0, "fav_nums": 1, "image": "org/2016/11/bjdx.jpg", "address": "\u5317\u4eac\u5e02", "add_time": "2016-11-02T18:50:00", "city": 3, "category": "gx", "course_nums": 5, "students": 0, "tag": "\u5168\u56fd\u77e5\u540d"}}, {"model": "organization.courseorg", "pk": 3, "fields": {"name": "\u6e05\u534e\u5927\u5b66", "desc": "\u6155\u8bfe\u7f51\u662f\u5782\u76f4\u7684\u4e92\u8054\u7f51IT\u6280\u80fd\u514d\u8d39\u5b66\u4e60\u7f51\u7ad9\u3002\u4ee5\u72ec\u5bb6\u89c6\u9891\u6559\u7a0b\u3001\u5728\u7ebf\u7f16\u7a0b\u5de5\u5177\u3001\u5b66\u4e60\u8ba1\u5212\u3001\u95ee\u7b54\u793e\u533a\u4e3a\u6838\u5fc3\u7279\u8272\u3002\u5728\u8fd9\u91cc\uff0c\u4f60\u53ef\u4ee5\u627e\u5230\u6700\u597d\u7684\u4e92\u8054\u7f51\u6280\u672f\u725b\u4eba\uff0c\u4e5f\u53ef\u4ee5\u901a\u8fc7\u514d\u8d39\u7684\u5728\u7ebf\u516c\u5f00\u89c6\u9891\u8bfe\u7a0b\u5b66\u4e60\u56fd\u5185\u9886\u5148\u7684\u4e92\u8054\u7f51IT\u6280\u672f\u3002\\r\\n    \u6155\u8bfe\u7f51\u8bfe\u7a0b\u6db5\u76d6\u524d\u7aef\u5f00\u53d1\u3001PHP\u3001Html5\u3001Android\u3001iOS\u3001Swift\u7b49IT\u524d\u6cbf\u6280\u672f\u8bed\u8a00\uff0c\u5305\u62ec\u57fa\u7840\u8bfe\u7a0b\u3001\u5b9e\u7528\u6848\u4f8b\u3001\u9ad8\u7ea7\u5206\u4eab\u4e09\u5927\u7c7b\u578b\uff0c\u9002\u5408\u4e0d\u540c\u9636\u6bb5\u7684\u5b66\u4e60\u4eba\u7fa4\u3002\u4ee5\u7eaf\u5e72\u8d27\u3001\u77ed\u89c6\u9891\u7684\u5f62\u5f0f\u4e3a\u5e73\u53f0\u7279\u70b9\uff0c\u4e3a\u5728\u6821\u5b66\u751f\u3001\u804c\u573a\u767d\u9886\u63d0\u4f9b\u4e86\u4e00\u4e2a\u8fc5\u901f\u63d0\u5347\u6280\u80fd\u3001\u5171\u540c\u5206\u4eab\u8fdb\u6b65\u7684\u5b66\u4e60\u5e73\u53f0\u3002[1] \\r\\n4\u67082\u65e5\uff0c\u56fd\u5185\u9996\u4e2aIT\u6280\u80fd\u5b66\u4e60\u7c7b\u5e94\u7528\u2014\u2014\u6155\u8bfe\u7f513.1.0\u7248\u672c\u5728\u5e94\u7528\u5b9d\u9996\u53d1\u3002\u636e\u4e86\u89e3\uff0c\u5728\u6b64\u6b21\u4e0a\u7ebf\u7684\u7248\u672c\u4e2d\uff0c\u6155\u8bfe\u7f51\u65b0\u589e\u4e86\u8bfe\u7a0b\u5386\u53f2\u8bb0\u5f55\u3001\u76f8\u5173\u8bfe\u7a0b\u63a8\u8350\u7b49\u56db\u5927\u529f\u80fd\uff0c\u4e3a\u7528\u6237\u8425\u9020\u66f4\u52a0\u4e30\u5bcc\u7684\u79fb\u52a8\u7aefIT\u5b66\u4e60\u4f53\u9a8c\u3002[2]", "click_nums": 0, "fav_nums": 0, "image": "org/2016/11/qhdx-logo.png", "address": "\u5317\u4eac\u5e02", "add_time": "2016-11-02T18:53:00", "city": 3, "category": "pxjg", "course_nums": 0, "students": 0, "tag": "\u5168\u56fd\u77e5\u540d"}}, {"model": "organization.courseorg", "pk": 4, "fields": {"name": "\u5357\u4eac\u5927\u5b66", "desc": "\u6155\u8bfe\u7f51\u662f\u5782\u76f4\u7684\u4e92\u8054\u7f51IT\u6280\u80fd\u514d\u8d39\u5b66\u4e60\u7f51\u7ad9\u3002\u4ee5\u72ec\u5bb6\u89c6\u9891\u6559\u7a0b\u3001\u5728\u7ebf\u7f16\u7a0b\u5de5\u5177\u3001\u5b66\u4e60\u8ba1\u5212\u3001\u95ee\u7b54\u793e\u533a\u4e3a\u6838\u5fc3\u7279\u8272\u3002\u5728\u8fd9\u91cc\uff0c\u4f60\u53ef\u4ee5\u627e\u5230\u6700\u597d\u7684\u4e92\u8054\u7f51\u6280\u672f\u725b\u4eba\uff0c\u4e5f\u53ef\u4ee5\u901a\u8fc7\u514d\u8d39\u7684\u5728\u7ebf\u516c\u5f00\u89c6\u9891\u8bfe\u7a0b\u5b66\u4e60\u56fd\u5185\u9886\u5148\u7684\u4e92\u8054\u7f51IT\u6280\u672f\u3002\\r\\n    \u6155\u8bfe\u7f51\u8bfe\u7a0b\u6db5\u76d6\u524d\u7aef\u5f00\u53d1\u3001PHP\u3001Html5\u3001Android\u3001iOS\u3001Swift\u7b49IT\u524d\u6cbf\u6280\u672f\u8bed\u8a00\uff0c\u5305\u62ec\u57fa\u7840\u8bfe\u7a0b\u3001\u5b9e\u7528\u6848\u4f8b\u3001\u9ad8\u7ea7\u5206\u4eab\u4e09\u5927\u7c7b\u578b\uff0c\u9002\u5408\u4e0d\u540c\u9636\u6bb5\u7684\u5b66\u4e60\u4eba\u7fa4\u3002\u4ee5\u7eaf\u5e72\u8d27\u3001\u77ed\u89c6\u9891\u7684\u5f62\u5f0f\u4e3a\u5e73\u53f0\u7279\u70b9\uff0c\u4e3a\u5728\u6821\u5b66\u751f\u3001\u804c\u573a\u767d\u9886\u63d0\u4f9b\u4e86\u4e00\u4e2a\u8fc5\u901f\u63d0\u5347\u6280\u80fd\u3001\u5171\u540c\u5206\u4eab\u8fdb\u6b65\u7684\u5b66\u4e60\u5e73\u53f0\u3002[1] \\r\\n4\u67082\u65e5\uff0c\u56fd\u5185\u9996\u4e2aIT\u6280\u80fd\u5b66\u4e60\u7c7b\u5e94\u7528\u2014\u2014\u6155\u8bfe\u7f513.1.0\u7248\u672c\u5728\u5e94\u7528\u5b9d\u9996\u53d1\u3002\u636e\u4e86\u89e3\uff0c\u5728\u6b64\u6b21\u4e0a\u7ebf\u7684\u7248\u672c\u4e2d\uff0c\u6155\u8bfe\u7f51\u65b0\u589e\u4e86\u8bfe\u7a0b\u5386\u53f2\u8bb0\u5f55\u3001\u76f8\u5173\u8bfe\u7a0b\u63a8\u8350\u7b49\u56db\u5927\u529f\u80fd\uff0c\u4e3a\u7528\u6237\u8425\u9020\u66f4\u52a0\u4e30\u5bcc\u7684\u79fb\u52a8\u7aefIT\u5b66\u4e60\u4f53\u9a8c\u3002[2]", "click_nums": 0, "fav_nums": 0, "image": "org/2016/11/njdx.jpg", "address": "\u5357\u4eac\u5e02", "add_time": "2016-11-02T18:53:00", "city": 4, "category": "pxjg", "course_nums": 0, "students": 0, "tag": "\u5168\u56fd\u77e5\u540d"}}, {"model": "organization.courseorg", "pk": 5, "fields": {"name": "\u6155\u8bfe\u7f512", "desc": "\u6155\u8bfe\u7f51\u662f\u5782\u76f4\u7684\u4e92\u8054\u7f51IT\u6280\u80fd\u514d\u8d39\u5b66\u4e60\u7f51\u7ad9\u3002\u4ee5\u72ec\u5bb6\u89c6\u9891\u6559\u7a0b\u3001\u5728\u7ebf\u7f16\u7a0b\u5de5\u5177\u3001\u5b66\u4e60\u8ba1\u5212\u3001\u95ee\u7b54\u793e\u533a\u4e3a\u6838\u5fc3\u7279\u8272\u3002\u5728\u8fd9\u91cc\uff0c\u4f60\u53ef\u4ee5\u627e\u5230\u6700\u597d\u7684\u4e92\u8054\u7f51\u6280\u672f\u725b\u4eba\uff0c\u4e5f\u53ef\u4ee5\u901a\u8fc7\u514d\u8d39\u7684\u5728\u7ebf\u516c\u5f00\u89c6\u9891\u8bfe\u7a0b\u5b66\u4e60\u56fd\u5185\u9886\u5148\u7684\u4e92\u8054\u7f51IT\u6280\u672f\u3002\\r\\n    \u6155\u8bfe\u7f51\u8bfe\u7a0b\u6db5\u76d6\u524d\u7aef\u5f00\u53d1\u3001PHP\u3001Html5\u3001Android\u3001iOS\u3001Swift\u7b49IT\u524d\u6cbf\u6280\u672f\u8bed\u8a00\uff0c\u5305\u62ec\u57fa\u7840\u8bfe\u7a0b\u3001\u5b9e\u7528\u6848\u4f8b\u3001\u9ad8\u7ea7\u5206\u4eab\u4e09\u5927\u7c7b\u578b\uff0c\u9002\u5408\u4e0d\u540c\u9636\u6bb5\u7684\u5b66\u4e60\u4eba\u7fa4\u3002\u4ee5\u7eaf\u5e72\u8d27\u3001\u77ed\u89c6\u9891\u7684\u5f62\u5f0f\u4e3a\u5e73\u53f0\u7279\u70b9\uff0c\u4e3a\u5728\u6821\u5b66\u751f\u3001\u804c\u573a\u767d\u9886\u63d0\u4f9b\u4e86\u4e00\u4e2a\u8fc5\u901f\u63d0\u5347\u6280\u80fd\u3001\u5171\u540c\u5206\u4eab\u8fdb\u6b65\u7684\u5b66\u4e60\u5e73\u53f0\u3002[1] \\r\\n4\u67082\u65e5\uff0c\u56fd\u5185\u9996\u4e2aIT\u6280\u80fd\u5b66\u4e60\u7c7b\u5e94\u7528\u2014\u2014\u6155\u8bfe\u7f513.1.0\u7248\u672c\u5728\u5e94\u7528\u5b9d\u9996\u53d1\u3002\u636e\u4e86\u89e3\uff0c\u5728\u6b64\u6b21\u4e0a\u7ebf\u7684\u7248\u672c\u4e2d\uff0c\u6155\u8bfe\u7f51\u65b0\u589e\u4e86\u8bfe\u7a0b\u5386\u53f2\u8bb0\u5f55\u3001\u76f8\u5173\u8bfe\u7a0b\u63a8\u8350\u7b49\u56db\u5927\u529f\u80fd\uff0c\u4e3a\u7528\u6237\u8425\u9020\u66f4\u52a0\u4e30\u5bcc\u7684\u79fb\u52a8\u7aefIT\u5b66\u4e60\u4f53\u9a8c\u3002[2]", "click_nums": 3, "fav_nums": 0, "image": "org/2016/11/imooc_klgAUn5.png", "address": "\u6df1\u5733\u5e02", "add_time": "2016-11-02T18:54:00", "city": 5, "category": "gr", "course_nums": 0, "students": 0, "tag": "\u5168\u56fd\u77e5\u540d"}}, {"model": "organization.courseorg", "pk": 6, "fields": {"name": "\u6155\u8bfe\u7f513", "desc": "\u6155\u8bfe\u7f51\u662f\u5782\u76f4\u7684\u4e92\u8054\u7f51IT\u6280\u80fd\u514d\u8d39\u5b66\u4e60\u7f51\u7ad9\u3002\u4ee5\u72ec\u5bb6\u89c6\u9891\u6559\u7a0b\u3001\u5728\u7ebf\u7f16\u7a0b\u5de5\u5177\u3001\u5b66\u4e60\u8ba1\u5212\u3001\u95ee\u7b54\u793e\u533a\u4e3a\u6838\u5fc3\u7279\u8272\u3002\u5728\u8fd9\u91cc\uff0c\u4f60\u53ef\u4ee5\u627e\u5230\u6700\u597d\u7684\u4e92\u8054\u7f51\u6280\u672f\u725b\u4eba\uff0c\u4e5f\u53ef\u4ee5\u901a\u8fc7\u514d\u8d39\u7684\u5728\u7ebf\u516c\u5f00\u89c6\u9891\u8bfe\u7a0b\u5b66\u4e60\u56fd\u5185\u9886\u5148\u7684\u4e92\u8054\u7f51IT\u6280\u672f\u3002\\r\\n    \u6155\u8bfe\u7f51\u8bfe\u7a0b\u6db5\u76d6\u524d\u7aef\u5f00\u53d1\u3001PHP\u3001Html5\u3001Android\u3001iOS\u3001Swift\u7b49IT\u524d\u6cbf\u6280\u672f\u8bed\u8a00\uff0c\u5305\u62ec\u57fa\u7840\u8bfe\u7a0b\u3001\u5b9e\u7528\u6848\u4f8b\u3001\u9ad8\u7ea7\u5206\u4eab\u4e09\u5927\u7c7b\u578b\uff0c\u9002\u5408\u4e0d\u540c\u9636\u6bb5\u7684\u5b66\u4e60\u4eba\u7fa4\u3002\u4ee5\u7eaf\u5e72\u8d27\u3001\u77ed\u89c6\u9891\u7684\u5f62\u5f0f\u4e3a\u5e73\u53f0\u7279\u70b9\uff0c\u4e3a\u5728\u6821\u5b66\u751f\u3001\u804c\u573a\u767d\u9886\u63d0\u4f9b\u4e86\u4e00\u4e2a\u8fc5\u901f\u63d0\u5347\u6280\u80fd\u3001\u5171\u540c\u5206\u4eab\u8fdb\u6b65\u7684\u5b66\u4e60\u5e73\u53f0\u3002[1] \\r\\n4\u67082\u65e5\uff0c\u56fd\u5185\u9996\u4e2aIT\u6280\u80fd\u5b66\u4e60\u7c7b\u5e94\u7528\u2014\u2014\u6155\u8bfe\u7f513.1.0\u7248\u672c\u5728\u5e94\u7528\u5b9d\u9996\u53d1\u3002\u636e\u4e86\u89e3\uff0c\u5728\u6b64\u6b21\u4e0a\u7ebf\u7684\u7248\u672c\u4e2d\uff0c\u6155\u8bfe\u7f51\u65b0\u589e\u4e86\u8bfe\u7a0b\u5386\u53f2\u8bb0\u5f55\u3001\u76f8\u5173\u8bfe\u7a0b\u63a8\u8350\u7b49\u56db\u5927\u529f\u80fd\uff0c\u4e3a\u7528\u6237\u8425\u9020\u66f4\u52a0\u4e30\u5bcc\u7684\u79fb\u52a8\u7aefIT\u5b66\u4e60\u4f53\u9a8c\u3002[2]", "click_nums": 0, "fav_nums": 0, "image": "org/2016/11/imooc_Gn1sRjp.png", "address": "\u5929\u6d25\u5e02", "add_time": "2016-11-02T18:54:00", "city": 5, "category": "pxjg", "course_nums": 0, "students": 0, "tag": "\u5168\u56fd\u77e5\u540d"}}, {"model": "organization.courseorg", "pk": 7, "fields": {"name": "\u6155\u8bfe\u7f513", "desc": "\u6155\u8bfe\u7f51\u662f\u5782\u76f4\u7684\u4e92\u8054\u7f51IT\u6280\u80fd\u514d\u8d39\u5b66\u4e60\u7f51\u7ad9\u3002\u4ee5\u72ec\u5bb6\u89c6\u9891\u6559\u7a0b\u3001\u5728\u7ebf\u7f16\u7a0b\u5de5\u5177\u3001\u5b66\u4e60\u8ba1\u5212\u3001\u95ee\u7b54\u793e\u533a\u4e3a\u6838\u5fc3\u7279\u8272\u3002\u5728\u8fd9\u91cc\uff0c\u4f60\u53ef\u4ee5\u627e\u5230\u6700\u597d\u7684\u4e92\u8054\u7f51\u6280\u672f\u725b\u4eba\uff0c\u4e5f\u53ef\u4ee5\u901a\u8fc7\u514d\u8d39\u7684\u5728\u7ebf\u516c\u5f00\u89c6\u9891\u8bfe\u7a0b\u5b66\u4e60\u56fd\u5185\u9886\u5148\u7684\u4e92\u8054\u7f51IT\u6280\u672f\u3002\\r\\n    \u6155\u8bfe\u7f51\u8bfe\u7a0b\u6db5\u76d6\u524d\u7aef\u5f00\u53d1\u3001PHP\u3001Html5\u3001Android\u3001iOS\u3001Swift\u7b49IT\u524d\u6cbf\u6280\u672f\u8bed\u8a00\uff0c\u5305\u62ec\u57fa\u7840\u8bfe\u7a0b\u3001\u5b9e\u7528\u6848\u4f8b\u3001\u9ad8\u7ea7\u5206\u4eab\u4e09\u5927\u7c7b\u578b\uff0c\u9002\u5408\u4e0d\u540c\u9636\u6bb5\u7684\u5b66\u4e60\u4eba\u7fa4\u3002\u4ee5\u7eaf\u5e72\u8d27\u3001\u77ed\u89c6\u9891\u7684\u5f62\u5f0f\u4e3a\u5e73\u53f0\u7279\u70b9\uff0c\u4e3a\u5728\u6821\u5b66\u751f\u3001\u804c\u573a\u767d\u9886\u63d0\u4f9b\u4e86\u4e00\u4e2a\u8fc5\u901f\u63d0\u5347\u6280\u80fd\u3001\u5171\u540c\u5206\u4eab\u8fdb\u6b65\u7684\u5b66\u4e60\u5e73\u53f0\u3002[1] \\r\\n4\u67082\u65e5\uff0c\u56fd\u5185\u9996\u4e2aIT\u6280\u80fd\u5b66\u4e60\u7c7b\u5e94\u7528\u2014\u2014\u6155\u8bfe\u7f513.1.0\u7248\u672c\u5728\u5e94\u7528\u5b9d\u9996\u53d1\u3002\u636e\u4e86\u89e3\uff0c\u5728\u6b64\u6b21\u4e0a\u7ebf\u7684\u7248\u672c\u4e2d\uff0c\u6155\u8bfe\u7f51\u65b0\u589e\u4e86\u8bfe\u7a0b\u5386\u53f2\u8bb0\u5f55\u3001\u76f8\u5173\u8bfe\u7a0b\u63a8\u8350\u7b49\u56db\u5927\u529f\u80fd\uff0c\u4e3a\u7528\u6237\u8425\u9020\u66f4\u52a0\u4e30\u5bcc\u7684\u79fb\u52a8\u7aefIT\u5b66\u4e60\u4f53\u9a8c\u3002[2]", "click_nums": 0, "fav_nums": 0, "image": "org/2016/11/imooc_Y2Tonsq.png", "address": "\u4e0a\u6d77\u5e02", "add_time": "2016-11-02T18:54:00", "city": 3, "category": "pxjg", "course_nums": 0, "students": 0, "tag": "\u5168\u56fd\u77e5\u540d"}}, {"model": "organization.courseorg", "pk": 8, "fields": {"name": "\u6155\u8bfe\u7f514", "desc": "\u6155\u8bfe\u7f51\u662f\u5782\u76f4\u7684\u4e92\u8054\u7f51IT\u6280\u80fd\u514d\u8d39\u5b66\u4e60\u7f51\u7ad9\u3002\u4ee5\u72ec\u5bb6\u89c6\u9891\u6559\u7a0b\u3001\u5728\u7ebf\u7f16\u7a0b\u5de5\u5177\u3001\u5b66\u4e60\u8ba1\u5212\u3001\u95ee\u7b54\u793e\u533a\u4e3a\u6838\u5fc3\u7279\u8272\u3002\u5728\u8fd9\u91cc\uff0c\u4f60\u53ef\u4ee5\u627e\u5230\u6700\u597d\u7684\u4e92\u8054\u7f51\u6280\u672f\u725b\u4eba\uff0c\u4e5f\u53ef\u4ee5\u901a\u8fc7\u514d\u8d39\u7684\u5728\u7ebf\u516c\u5f00\u89c6\u9891\u8bfe\u7a0b\u5b66\u4e60\u56fd\u5185\u9886\u5148\u7684\u4e92\u8054\u7f51IT\u6280\u672f\u3002\\r\\n    \u6155\u8bfe\u7f51\u8bfe\u7a0b\u6db5\u76d6\u524d\u7aef\u5f00\u53d1\u3001PHP\u3001Html5\u3001Android\u3001iOS\u3001Swift\u7b49IT\u524d\u6cbf\u6280\u672f\u8bed\u8a00\uff0c\u5305\u62ec\u57fa\u7840\u8bfe\u7a0b\u3001\u5b9e\u7528\u6848\u4f8b\u3001\u9ad8\u7ea7\u5206\u4eab\u4e09\u5927\u7c7b\u578b\uff0c\u9002\u5408\u4e0d\u540c\u9636\u6bb5\u7684\u5b66\u4e60\u4eba\u7fa4\u3002\u4ee5\u7eaf\u5e72\u8d27\u3001\u77ed\u89c6\u9891\u7684\u5f62\u5f0f\u4e3a\u5e73\u53f0\u7279\u70b9\uff0c\u4e3a\u5728\u6821\u5b66\u751f\u3001\u804c\u573a\u767d\u9886\u63d0\u4f9b\u4e86\u4e00\u4e2a\u8fc5\u901f\u63d0\u5347\u6280\u80fd\u3001\u5171\u540c\u5206\u4eab\u8fdb\u6b65\u7684\u5b66\u4e60\u5e73\u53f0\u3002[1] \\r\\n4\u67082\u65e5\uff0c\u56fd\u5185\u9996\u4e2aIT\u6280\u80fd\u5b66\u4e60\u7c7b\u5e94\u7528\u2014\u2014\u6155\u8bfe\u7f513.1.0\u7248\u672c\u5728\u5e94\u7528\u5b9d\u9996\u53d1\u3002\u636e\u4e86\u89e3\uff0c\u5728\u6b64\u6b21\u4e0a\u7ebf\u7684\u7248\u672c\u4e2d\uff0c\u6155\u8bfe\u7f51\u65b0\u589e\u4e86\u8bfe\u7a0b\u5386\u53f2\u8bb0\u5f55\u3001\u76f8\u5173\u8bfe\u7a0b\u63a8\u8350\u7b49\u56db\u5927\u529f\u80fd\uff0c\u4e3a\u7528\u6237\u8425\u9020\u66f4\u52a0\u4e30\u5bcc\u7684\u79fb\u52a8\u7aefIT\u5b66\u4e60\u4f53\u9a8c\u3002[2]", "click_nums": 0, "fav_nums": 0, "image": "org/2016/11/imooc_OO2ykYP.png", "address": "\u6df1\u5733\u5e02", "add_time": "2016-11-02T18:55:00", "city": 5, "category": "gx", "course_nums": 0, "students": 0, "tag": "\u5168\u56fd\u77e5\u540d"}}, {"model": "organization.courseorg", "pk": 9, "fields": {"name": "\u6155\u8bfe\u7f515", "desc": "\u6155\u8bfe\u7f51\u662f\u5782\u76f4\u7684\u4e92\u8054\u7f51IT\u6280\u80fd\u514d\u8d39\u5b66\u4e60\u7f51\u7ad9\u3002\u4ee5\u72ec\u5bb6\u89c6\u9891\u6559\u7a0b\u3001\u5728\u7ebf\u7f16\u7a0b\u5de5\u5177\u3001\u5b66\u4e60\u8ba1\u5212\u3001\u95ee\u7b54\u793e\u533a\u4e3a\u6838\u5fc3\u7279\u8272\u3002\u5728\u8fd9\u91cc\uff0c\u4f60\u53ef\u4ee5\u627e\u5230\u6700\u597d\u7684\u4e92\u8054\u7f51\u6280\u672f\u725b\u4eba\uff0c\u4e5f\u53ef\u4ee5\u901a\u8fc7\u514d\u8d39\u7684\u5728\u7ebf\u516c\u5f00\u89c6\u9891\u8bfe\u7a0b\u5b66\u4e60\u56fd\u5185\u9886\u5148\u7684\u4e92\u8054\u7f51IT\u6280\u672f\u3002\\r\\n    \u6155\u8bfe\u7f51\u8bfe\u7a0b\u6db5\u76d6\u524d\u7aef\u5f00\u53d1\u3001PHP\u3001Html5\u3001Android\u3001iOS\u3001Swift\u7b49IT\u524d\u6cbf\u6280\u672f\u8bed\u8a00\uff0c\u5305\u62ec\u57fa\u7840\u8bfe\u7a0b\u3001\u5b9e\u7528\u6848\u4f8b\u3001\u9ad8\u7ea7\u5206\u4eab\u4e09\u5927\u7c7b\u578b\uff0c\u9002\u5408\u4e0d\u540c\u9636\u6bb5\u7684\u5b66\u4e60\u4eba\u7fa4\u3002\u4ee5\u7eaf\u5e72\u8d27\u3001\u77ed\u89c6\u9891\u7684\u5f62\u5f0f\u4e3a\u5e73\u53f0\u7279\u70b9\uff0c\u4e3a\u5728\u6821\u5b66\u751f\u3001\u804c\u573a\u767d\u9886\u63d0\u4f9b\u4e86\u4e00\u4e2a\u8fc5\u901f\u63d0\u5347\u6280\u80fd\u3001\u5171\u540c\u5206\u4eab\u8fdb\u6b65\u7684\u5b66\u4e60\u5e73\u53f0\u3002[1] \\r\\n4\u67082\u65e5\uff0c\u56fd\u5185\u9996\u4e2aIT\u6280\u80fd\u5b66\u4e60\u7c7b\u5e94\u7528\u2014\u2014\u6155\u8bfe\u7f513.1.0\u7248\u672c\u5728\u5e94\u7528\u5b9d\u9996\u53d1\u3002\u636e\u4e86\u89e3\uff0c\u5728\u6b64\u6b21\u4e0a\u7ebf\u7684\u7248\u672c\u4e2d\uff0c\u6155\u8bfe\u7f51\u65b0\u589e\u4e86\u8bfe\u7a0b\u5386\u53f2\u8bb0\u5f55\u3001\u76f8\u5173\u8bfe\u7a0b\u63a8\u8350\u7b49\u56db\u5927\u529f\u80fd\uff0c\u4e3a\u7528\u6237\u8425\u9020\u66f4\u52a0\u4e30\u5bcc\u7684\u79fb\u52a8\u7aefIT\u5b66\u4e60\u4f53\u9a8c\u3002[2]", "click_nums": 0, "fav_nums": 0, "image": "org/2016/11/imooc_V0TJOyb.png", "address": "\u5317\u4eac\u5e02", "add_time": "2016-11-02T18:55:00", "city": 4, "category": "pxjg", "course_nums": 0, "students": 0, "tag": "\u5168\u56fd\u77e5\u540d"}}, {"model": "organization.courseorg", "pk": 10, "fields": {"name": "\u6155\u8bfe\u7f51666", "desc": "\u6155\u8bfe\u7f51\u662f\u5782\u76f4\u7684\u4e92\u8054\u7f51IT\u6280\u80fd\u514d\u8d39\u5b66\u4e60\u7f51\u7ad9\u3002\u4ee5\u72ec\u5bb6\u89c6\u9891\u6559\u7a0b\u3001\u5728\u7ebf\u7f16\u7a0b\u5de5\u5177\u3001\u5b66\u4e60\u8ba1\u5212\u3001\u95ee\u7b54\u793e\u533a\u4e3a\u6838\u5fc3\u7279\u8272\u3002\u5728\u8fd9\u91cc\uff0c\u4f60\u53ef\u4ee5\u627e\u5230\u6700\u597d\u7684\u4e92\u8054\u7f51\u6280\u672f\u725b\u4eba\uff0c\u4e5f\u53ef\u4ee5\u901a\u8fc7\u514d\u8d39\u7684\u5728\u7ebf\u516c\u5f00\u89c6\u9891\u8bfe\u7a0b\u5b66\u4e60\u56fd\u5185\u9886\u5148\u7684\u4e92\u8054\u7f51IT\u6280\u672f\u3002\\r\\n    \u6155\u8bfe\u7f51\u8bfe\u7a0b\u6db5\u76d6\u524d\u7aef\u5f00\u53d1\u3001PHP\u3001Html5\u3001Android\u3001iOS\u3001Swift\u7b49IT\u524d\u6cbf\u6280\u672f\u8bed\u8a00\uff0c\u5305\u62ec\u57fa\u7840\u8bfe\u7a0b\u3001\u5b9e\u7528\u6848\u4f8b\u3001\u9ad8\u7ea7\u5206\u4eab\u4e09\u5927\u7c7b\u578b\uff0c\u9002\u5408\u4e0d\u540c\u9636\u6bb5\u7684\u5b66\u4e60\u4eba\u7fa4\u3002\u4ee5\u7eaf\u5e72\u8d27\u3001\u77ed\u89c6\u9891\u7684\u5f62\u5f0f\u4e3a\u5e73\u53f0\u7279\u70b9\uff0c\u4e3a\u5728\u6821\u5b66\u751f\u3001\u804c\u573a\u767d\u9886\u63d0\u4f9b\u4e86\u4e00\u4e2a\u8fc5\u901f\u63d0\u5347\u6280\u80fd\u3001\u5171\u540c\u5206\u4eab\u8fdb\u6b65\u7684\u5b66\u4e60\u5e73\u53f0\u3002[1] \\r\\n4\u67082\u65e5\uff0c\u56fd\u5185\u9996\u4e2aIT\u6280\u80fd\u5b66\u4e60\u7c7b\u5e94\u7528\u2014\u2014\u6155\u8bfe\u7f513.1.0\u7248\u672c\u5728\u5e94\u7528\u5b9d\u9996\u53d1\u3002\u636e\u4e86\u89e3\uff0c\u5728\u6b64\u6b21\u4e0a\u7ebf\u7684\u7248\u672c\u4e2d\uff0c\u6155\u8bfe\u7f51\u65b0\u589e\u4e86\u8bfe\u7a0b\u5386\u53f2\u8bb0\u5f55\u3001\u76f8\u5173\u8bfe\u7a0b\u63a8\u8350\u7b49\u56db\u5927\u529f\u80fd\uff0c\u4e3a\u7528\u6237\u8425\u9020\u66f4\u52a0\u4e30\u5bcc\u7684\u79fb\u52a8\u7aefIT\u5b66\u4e60\u4f53\u9a8c\u3002[2]", "click_nums": 0, "fav_nums": 0, "image": "org/2016/11/imooc_qEaMov1.png", "address": "\u6df1\u5733\u5e02", "add_time": "2016-11-02T18:56:00", "city": 2, "category": "pxjg", "course_nums": 0, "students": 0, "tag": "\u5168\u56fd\u77e5\u540d"}}, {"model": "organization.courseorg", "pk": 11, "fields": {"name": "\u6155\u5b66\u7f51", "desc": "\u6155\u5b66\u7f51\u6155\u5b66\u7f51\\r\\n\u6155\u5b66\u7f51\u6155\u5b66\u7f51\u6155\u5b66\u7f51\\r\\n\u6155\u5b66\u7f51\u6155\u5b66\u7f51\u6155\u5b66\u7f51\\r\\n\\r\\n\u6155\u5b66\u7f51\u6155\u5b66\u7f51\u6155\u5b66\u7f51\\r\\n\\r\\n\u6155\u5b66\u7f51", "click_nums": 0, "fav_nums": 0, "image": "org/2016/12/bjdx.jpg", "address": "\u5317\u4eac\u5e02", "add_time": "2016-12-10T23:28:00", "city": 4, "category": "pxjg", "course_nums": 0, "students": 0, "tag": "\u5168\u56fd\u77e5\u540d"}}, {"model": "organization.courseorg", "pk": 12, "fields": {"name": "python\u57f9\u8bad\u673a\u6784", "desc": "python\u57f9\u8bad\u673a\u6784\\r\\npython\u57f9\u8bad\u673a\u6784\\r\\npython\u57f9\u8bad\u673a\u6784\\r\\npython\u57f9\u8bad\u673a\u6784\\r\\npython\u57f9\u8bad\u673a\u6784\\r\\npython\u57f9\u8bad\u673a\u6784\\r\\npython\u57f9\u8bad\u673a\u6784\\r\\npython\u57f9\u8bad\u673a\u6784\\r\\npython\u57f9\u8bad\u673a\u6784", "click_nums": 0, "fav_nums": 0, "image": "org/2016/12/imooc_Gn1sRjp.png", "address": "\u5317\u4eac\u5e02", "add_time": "2016-12-10T23:30:00", "city": 2, "category": "gr", "course_nums": 0, "students": 0, "tag": "\u5168\u56fd\u77e5\u540d"}}, {"model": "organization.courseorg", "pk": 13, "fields": {"name": "vuejs\u57f9\u8bad", "desc": "vuejs\u57f9\u8badvuejs\u57f9\u8badvuejs\u57f9\u8badvuejs\u57f9\u8bad\\r\\nvuejs\u57f9\u8badvuejs\u57f9\u8badvuejs\u57f9\u8badvuejs\u57f9\u8bad\\r\\nvuejs\u57f9\u8badvuejs\u57f9\u8badvuejs\u57f9\u8badvuejs\u57f9\u8bad\\r\\nvuejs\u57f9\u8badvuejs\u57f9\u8badvuejs\u57f9\u8badvuejs\u57f9\u8bad", "click_nums": 0, "fav_nums": 0, "image": "org/2016/12/bjdx_cCpdUw8.jpg", "address": "\u5317\u4eac\u5e02", "add_time": "2016-12-10T23:30:00", "city": 2, "category": "gr", "course_nums": 0, "students": 0, "tag": "\u5168\u56fd\u77e5\u540d"}}, {"model": "organization.courseorg", "pk": 14, "fields": {"name": "nodejs\u57f9\u8bad", "desc": "nodejs\u57f9\u8badnodejs\u57f9\u8badnodejs\u57f9\u8badnodejs\u57f9\u8badnodejs\u57f9\u8bad\\r\\nnodejs\u57f9\u8badnodejs\u57f9\u8badnodejs\u57f9\u8badnodejs\u57f9\u8badnodejs\u57f9\u8bad", "click_nums": 0, "fav_nums": 0, "image": "org/2016/12/imooc_klgAUn5.png", "address": "\u5317\u4eac\u5e02", "add_time": "2016-12-10T23:30:00", "city": 2, "category": "gr", "course_nums": 0, "students": 0, "tag": "\u5168\u56fd\u77e5\u540d"}}, {"model": "organization.courseorg", "pk": 15, "fields": {"name": "\u6155\u5b66\u5728\u7ebf", "desc": "\u6155\u5b66\u5728\u7ebf\u6155\u5b66\u5728\u7ebf\u6155\u5b66\u5728\u7ebf\u6155\u5b66\u5728\u7ebf\u6155\u5b66\u5728\u7ebf\\r\\n\u6155\u5b66\u5728\u7ebf\u6155\u5b66\u5728\u7ebf\u6155\u5b66\u5728\u7ebf\u6155\u5b66\u5728\u7ebf\u6155\u5b66\u5728\u7ebf", "click_nums": 0, "fav_nums": 0, "image": "org/2016/12/bjdx_bcd0m07.jpg", "address": "\u5317\u4eac\u5e02", "add_time": "2016-12-10T23:31:00", "city": 5, "category": "gx", "course_nums": 0, "students": 0, "tag": "\u5168\u56fd\u77e5\u540d"}}, {"model": "organization.teacher", "pk": 1, "fields": {"name": "\u6881\u671d\u4f1f", "work_years": 1, "work_company": "\u5a31\u4e50\u516c\u53f8", "work_position": "\u6f14\u5458/\u6b4c\u624b", "points": "\u957f\u5f97\u5e05", "click_nums": 0, "fav_nums": 0, "add_time": "2020-06-29T17:56:07.721", "org": 1, "image": "teacher/9_P_1448944791617.jpg", "age": 18}}, {"model": "organization.teacher", "pk": 2, "fields": {"name": "\u5218\u5fb7\u534e", "work_years": 1, "work_company": "\u5a31\u4e50\u516c\u53f8", "work_position": "\u6f14\u5458/\u6b4c\u624b", "points": "\u957f\u5f97\u5e05", "click_nums": 0, "fav_nums": 0, "add_time": "2020-06-29T17:58:12.116", "org": 1, "image": "teacher/1.jpg", "age": 19}}, {"model": "operation.userask", "pk": 1, "fields": {"name": "ccc", "mobile": "18675873660", "course_name": "django", "add_time": "2020-06-29T22:11:02.702"}}, {"model": "operation.usermessage", "pk": 1, "fields": {"user": 1, "message": "\u5566\u5566\u5566", "has_read": true, "add_time": "2020-06-29T22:14:32.099"}}, {"model": "auth.permission", "pk": 1, "fields": {"name": "Can add log entry", "content_type": 1, "codename": "add_logentry"}}, {"model": "auth.permission", "pk": 2, "fields": {"name": "Can change log entry", "content_type": 1, "codename": "change_logentry"}}, {"model": "auth.permission", "pk": 3, "fields": {"name": "Can delete log entry", "content_type": 1, "codename": "delete_logentry"}}, {"model": "auth.permission", "pk": 4, "fields": {"name": "Can add permission", "content_type": 2, "codename": "add_permission"}}, {"model": "auth.permission", "pk": 5, "fields": {"name": "Can change permission", "content_type": 2, "codename": "change_permission"}}, {"model": "auth.permission", "pk": 6, "fields": {"name": "Can delete permission", "content_type": 2, "codename": "delete_permission"}}, {"model": "auth.permission", "pk": 7, "fields": {"name": "Can add group", "content_type": 3, "codename": "add_group"}}, {"model": "auth.permission", "pk": 8, "fields": {"name": "Can change group", "content_type": 3, "codename": "change_group"}}, {"model": "auth.permission", "pk": 9, "fields": {"name": "Can delete group", "content_type": 3, "codename": "delete_group"}}, {"model": "auth.permission", "pk": 10, "fields": {"name": "Can add content type", "content_type": 4, "codename": "add_contenttype"}}, {"model": "auth.permission", "pk": 11, "fields": {"name": "Can change content type", "content_type": 4, "codename": "change_contenttype"}}, {"model": "auth.permission", "pk": 12, "fields": {"name": "Can delete content type", "content_type": 4, "codename": "delete_contenttype"}}, {"model": "auth.permission", "pk": 13, "fields": {"name": "Can add session", "content_type": 5, "codename": "add_session"}}, {"model": "auth.permission", "pk": 14, "fields": {"name": "Can change session", "content_type": 5, "codename": "change_session"}}, {"model": "auth.permission", "pk": 15, "fields": {"name": "Can delete session", "content_type": 5, "codename": "delete_session"}}, {"model": "auth.permission", "pk": 16, "fields": {"name": "Can add \u7528\u6237\u4fe1\u606f", "content_type": 6, "codename": "add_userprofile"}}, {"model": "auth.permission", "pk": 17, "fields": {"name": "Can change \u7528\u6237\u4fe1\u606f", "content_type": 6, "codename": "change_userprofile"}}, {"model": "auth.permission", "pk": 18, "fields": {"name": "Can delete \u7528\u6237\u4fe1\u606f", "content_type": 6, "codename": "delete_userprofile"}}, {"model": "auth.permission", "pk": 19, "fields": {"name": "Can add \u8f6e\u64ad\u56fe", "content_type": 7, "codename": "add_banner"}}, {"model": "auth.permission", "pk": 20, "fields": {"name": "Can change \u8f6e\u64ad\u56fe", "content_type": 7, "codename": "change_banner"}}, {"model": "auth.permission", "pk": 21, "fields": {"name": "Can delete \u8f6e\u64ad\u56fe", "content_type": 7, "codename": "delete_banner"}}, {"model": "auth.permission", "pk": 22, "fields": {"name": "Can add \u90ae\u7bb1\u9a8c\u8bc1\u7801", "content_type": 8, "codename": "add_emailverifyrecord"}}, {"model": "auth.permission", "pk": 23, "fields": {"name": "Can change \u90ae\u7bb1\u9a8c\u8bc1\u7801", "content_type": 8, "codename": "change_emailverifyrecord"}}, {"model": "auth.permission", "pk": 24, "fields": {"name": "Can delete \u90ae\u7bb1\u9a8c\u8bc1\u7801", "content_type": 8, "codename": "delete_emailverifyrecord"}}, {"model": "auth.permission", "pk": 25, "fields": {"name": "Can add \u8bfe\u7a0b", "content_type": 9, "codename": "add_course"}}, {"model": "auth.permission", "pk": 26, "fields": {"name": "Can change \u8bfe\u7a0b", "content_type": 9, "codename": "change_course"}}, {"model": "auth.permission", "pk": 27, "fields": {"name": "Can delete \u8bfe\u7a0b", "content_type": 9, "codename": "delete_course"}}, {"model": "auth.permission", "pk": 28, "fields": {"name": "Can add \u8bfe\u7a0b\u8d44\u6e90", "content_type": 10, "codename": "add_courseresource"}}, {"model": "auth.permission", "pk": 29, "fields": {"name": "Can change \u8bfe\u7a0b\u8d44\u6e90", "content_type": 10, "codename": "change_courseresource"}}, {"model": "auth.permission", "pk": 30, "fields": {"name": "Can delete \u8bfe\u7a0b\u8d44\u6e90", "content_type": 10, "codename": "delete_courseresource"}}, {"model": "auth.permission", "pk": 31, "fields": {"name": "Can add \u7ae0\u8282", "content_type": 11, "codename": "add_lesson"}}, {"model": "auth.permission", "pk": 32, "fields": {"name": "Can change \u7ae0\u8282", "content_type": 11, "codename": "change_lesson"}}, {"model": "auth.permission", "pk": 33, "fields": {"name": "Can delete \u7ae0\u8282", "content_type": 11, "codename": "delete_lesson"}}, {"model": "auth.permission", "pk": 34, "fields": {"name": "Can add \u89c6\u9891", "content_type": 12, "codename": "add_video"}}, {"model": "auth.permission", "pk": 35, "fields": {"name": "Can change \u89c6\u9891", "content_type": 12, "codename": "change_video"}}, {"model": "auth.permission", "pk": 36, "fields": {"name": "Can delete \u89c6\u9891", "content_type": 12, "codename": "delete_video"}}, {"model": "auth.permission", "pk": 37, "fields": {"name": "Can add \u57ce\u5e02", "content_type": 13, "codename": "add_citydict"}}, {"model": "auth.permission", "pk": 38, "fields": {"name": "Can change \u57ce\u5e02", "content_type": 13, "codename": "change_citydict"}}, {"model": "auth.permission", "pk": 39, "fields": {"name": "Can delete \u57ce\u5e02", "content_type": 13, "codename": "delete_citydict"}}, {"model": "auth.permission", "pk": 40, "fields": {"name": "Can add \u8bfe\u7a0b\u673a\u6784", "content_type": 14, "codename": "add_courseorg"}}, {"model": "auth.permission", "pk": 41, "fields": {"name": "Can change \u8bfe\u7a0b\u673a\u6784", "content_type": 14, "codename": "change_courseorg"}}, {"model": "auth.permission", "pk": 42, "fields": {"name": "Can delete \u8bfe\u7a0b\u673a\u6784", "content_type": 14, "codename": "delete_courseorg"}}, {"model": "auth.permission", "pk": 43, "fields": {"name": "Can add \u6559\u5e08", "content_type": 15, "codename": "add_teacher"}}, {"model": "auth.permission", "pk": 44, "fields": {"name": "Can change \u6559\u5e08", "content_type": 15, "codename": "change_teacher"}}, {"model": "auth.permission", "pk": 45, "fields": {"name": "Can delete \u6559\u5e08", "content_type": 15, "codename": "delete_teacher"}}, {"model": "auth.permission", "pk": 46, "fields": {"name": "Can add \u8bfe\u7a0b\u8bc4\u8bba", "content_type": 16, "codename": "add_coursecomments"}}, {"model": "auth.permission", "pk": 47, "fields": {"name": "Can change \u8bfe\u7a0b\u8bc4\u8bba", "content_type": 16, "codename": "change_coursecomments"}}, {"model": "auth.permission", "pk": 48, "fields": {"name": "Can delete \u8bfe\u7a0b\u8bc4\u8bba", "content_type": 16, "codename": "delete_coursecomments"}}, {"model": "auth.permission", "pk": 49, "fields": {"name": "Can add \u7528\u6237\u54a8\u8be2", "content_type": 17, "codename": "add_userask"}}, {"model": "auth.permission", "pk": 50, "fields": {"name": "Can change \u7528\u6237\u54a8\u8be2", "content_type": 17, "codename": "change_userask"}}, {"model": "auth.permission", "pk": 51, "fields": {"name": "Can delete \u7528\u6237\u54a8\u8be2", "content_type": 17, "codename": "delete_userask"}}, {"model": "auth.permission", "pk": 52, "fields": {"name": "Can add \u7528\u6237\u8bfe\u7a0b", "content_type": 18, "codename": "add_usercourse"}}, {"model": "auth.permission", "pk": 53, "fields": {"name": "Can change \u7528\u6237\u8bfe\u7a0b", "content_type": 18, "codename": "change_usercourse"}}, {"model": "auth.permission", "pk": 54, "fields": {"name": "Can delete \u7528\u6237\u8bfe\u7a0b", "content_type": 18, "codename": "delete_usercourse"}}, {"model": "auth.permission", "pk": 55, "fields": {"name": "Can add \u7528\u6237\u6536\u85cf", "content_type": 19, "codename": "add_userfavorite"}}, {"model": "auth.permission", "pk": 56, "fields": {"name": "Can change \u7528\u6237\u6536\u85cf", "content_type": 19, "codename": "change_userfavorite"}}, {"model": "auth.permission", "pk": 57, "fields": {"name": "Can delete \u7528\u6237\u6536\u85cf", "content_type": 19, "codename": "delete_userfavorite"}}, {"model": "auth.permission", "pk": 58, "fields": {"name": "Can add \u7528\u6237\u6d88\u606f", "content_type": 20, "codename": "add_usermessage"}}, {"model": "auth.permission", "pk": 59, "fields": {"name": "Can change \u7528\u6237\u6d88\u606f", "content_type": 20, "codename": "change_usermessage"}}, {"model": "auth.permission", "pk": 60, "fields": {"name": "Can delete \u7528\u6237\u6d88\u606f", "content_type": 20, "codename": "delete_usermessage"}}, {"model": "auth.permission", "pk": 61, "fields": {"name": "Can view log entry", "content_type": 1, "codename": "view_logentry"}}, {"model": "auth.permission", "pk": 62, "fields": {"name": "Can view permission", "content_type": 2, "codename": "view_permission"}}, {"model": "auth.permission", "pk": 63, "fields": {"name": "Can view group", "content_type": 3, "codename": "view_group"}}, {"model": "auth.permission", "pk": 64, "fields": {"name": "Can view content type", "content_type": 4, "codename": "view_contenttype"}}, {"model": "auth.permission", "pk": 65, "fields": {"name": "Can view session", "content_type": 5, "codename": "view_session"}}, {"model": "auth.permission", "pk": 66, "fields": {"name": "Can view \u7528\u6237\u4fe1\u606f", "content_type": 6, "codename": "view_userprofile"}}, {"model": "auth.permission", "pk": 67, "fields": {"name": "Can view \u8f6e\u64ad\u56fe", "content_type": 7, "codename": "view_banner"}}, {"model": "auth.permission", "pk": 68, "fields": {"name": "Can view \u90ae\u7bb1\u9a8c\u8bc1\u7801", "content_type": 8, "codename": "view_emailverifyrecord"}}, {"model": "auth.permission", "pk": 69, "fields": {"name": "Can view \u8bfe\u7a0b", "content_type": 9, "codename": "view_course"}}, {"model": "auth.permission", "pk": 70, "fields": {"name": "Can view \u8bfe\u7a0b\u8d44\u6e90", "content_type": 10, "codename": "view_courseresource"}}, {"model": "auth.permission", "pk": 71, "fields": {"name": "Can view \u7ae0\u8282", "content_type": 11, "codename": "view_lesson"}}, {"model": "auth.permission", "pk": 72, "fields": {"name": "Can view \u89c6\u9891", "content_type": 12, "codename": "view_video"}}, {"model": "auth.permission", "pk": 73, "fields": {"name": "Can view \u57ce\u5e02", "content_type": 13, "codename": "view_citydict"}}, {"model": "auth.permission", "pk": 74, "fields": {"name": "Can view \u8bfe\u7a0b\u673a\u6784", "content_type": 14, "codename": "view_courseorg"}}, {"model": "auth.permission", "pk": 75, "fields": {"name": "Can view \u6559\u5e08", "content_type": 15, "codename": "view_teacher"}}, {"model": "auth.permission", "pk": 76, "fields": {"name": "Can view \u8bfe\u7a0b\u8bc4\u8bba", "content_type": 16, "codename": "view_coursecomments"}}, {"model": "auth.permission", "pk": 77, "fields": {"name": "Can view \u7528\u6237\u54a8\u8be2", "content_type": 17, "codename": "view_userask"}}, {"model": "auth.permission", "pk": 78, "fields": {"name": "Can view \u7528\u6237\u8bfe\u7a0b", "content_type": 18, "codename": "view_usercourse"}}, {"model": "auth.permission", "pk": 79, "fields": {"name": "Can view \u7528\u6237\u6536\u85cf", "content_type": 19, "codename": "view_userfavorite"}}, {"model": "auth.permission", "pk": 80, "fields": {"name": "Can view \u7528\u6237\u6d88\u606f", "content_type": 20, "codename": "view_usermessage"}}, {"model": "auth.permission", "pk": 81, "fields": {"name": "Can add Bookmark", "content_type": 21, "codename": "add_bookmark"}}, {"model": "auth.permission", "pk": 82, "fields": {"name": "Can change Bookmark", "content_type": 21, "codename": "change_bookmark"}}, {"model": "auth.permission", "pk": 83, "fields": {"name": "Can delete Bookmark", "content_type": 21, "codename": "delete_bookmark"}}, {"model": "auth.permission", "pk": 84, "fields": {"name": "Can add User Setting", "content_type": 22, "codename": "add_usersettings"}}, {"model": "auth.permission", "pk": 85, "fields": {"name": "Can change User Setting", "content_type": 22, "codename": "change_usersettings"}}, {"model": "auth.permission", "pk": 86, "fields": {"name": "Can delete User Setting", "content_type": 22, "codename": "delete_usersettings"}}, {"model": "auth.permission", "pk": 87, "fields": {"name": "Can add User Widget", "content_type": 23, "codename": "add_userwidget"}}, {"model": "auth.permission", "pk": 88, "fields": {"name": "Can change User Widget", "content_type": 23, "codename": "change_userwidget"}}, {"model": "auth.permission", "pk": 89, "fields": {"name": "Can delete User Widget", "content_type": 23, "codename": "delete_userwidget"}}, {"model": "auth.permission", "pk": 90, "fields": {"name": "Can add log entry", "content_type": 24, "codename": "add_log"}}, {"model": "auth.permission", "pk": 91, "fields": {"name": "Can change log entry", "content_type": 24, "codename": "change_log"}}, {"model": "auth.permission", "pk": 92, "fields": {"name": "Can delete log entry", "content_type": 24, "codename": "delete_log"}}, {"model": "users.userprofile", "pk": 1, "fields": {"password": "pbkdf2_sha256$100000$1OwYuhlUJdGu$hzWde6imgjjspHW5QwI0TuoqLImktmzZJIE0+5aLaQ8=", "last_login": "2020-06-29T15:28:15.957", "is_superuser": true, "username": "cbw", "first_name": "", "last_name": "", "email": "", "is_staff": true, "is_active": true, "date_joined": "2020-06-16T18:26:05.130", "nick_name": "", "birthday": null, "gender": "female", "adress": "", "mobile": null, "image": "image/default.png", "groups": [], "user_permissions": []}}, {"model": "users.userprofile", "pk": 2, "fields": {"password": "pbkdf2_sha256$100000$m0uvtRM4duuE$xvP3L+OtxcLLw7TlASOKMjC+VVSSt5YJFhh92nVb3RU=", "last_login": "2020-06-29T15:28:56.122", "is_superuser": false, "username": "xero", "first_name": "", "last_name": "", "email": "", "is_staff": true, "is_active": true, "date_joined": "2020-06-16T18:27:00", "nick_name": "ccc", "birthday": "2020-06-16", "gender": "female", "adress": "ccc", "mobile": null, "image": "image/default.png", "groups": [], "user_permissions": []}}, {"model": "operation.coursecomments", "pk": 1, "fields": {"user": 2, "course": 10, "comments": "\u7ed9\u95ee\u95ee", "add_time": "2016-11-05T23:09:57"}}, {"model": "operation.coursecomments", "pk": 2, "fields": {"user": 2, "course": 10, "comments": "\u8bb2\u7684\u5f88\u4e0d\u9519", "add_time": "2016-11-05T23:13:13"}}, {"model": "operation.coursecomments", "pk": 3, "fields": {"user": 2, "course": 10, "comments": "good ", "add_time": "2016-11-05T23:18:16"}}, {"model": "operation.coursecomments", "pk": 4, "fields": {"user": 2, "course": 10, "comments": "\u518d\u6765\u4e00\u6b21", "add_time": "2016-11-05T23:18:31"}}, {"model": "operation.coursecomments", "pk": 5, "fields": {"user": 2, "course": 5, "comments": "\u597d", "add_time": "2016-12-08T22:06:57"}}, {"model": "operation.coursecomments", "pk": 6, "fields": {"user": 2, "course": 5, "comments": "\u597d", "add_time": "2016-12-08T22:07:06"}}, {"model": "operation.coursecomments", "pk": 7, "fields": {"user": 2, "course": 5, "comments": "\u597d", "add_time": "2016-12-08T22:07:14"}}, {"model": "operation.usercourse", "pk": 1, "fields": {"user": 2, "course": 10, "add_time": "2016-11-05T17:40:00"}}, {"model": "operation.usercourse", "pk": 2, "fields": {"user": 2, "course": 7, "add_time": "2016-11-05T23:43:12"}}, {"model": "operation.usercourse", "pk": 3, "fields": {"user": 2, "course": 4, "add_time": "2016-11-05T23:46:03"}}, {"model": "operation.usercourse", "pk": 4, "fields": {"user": 2, "course": 1, "add_time": "2016-11-05T23:47:04"}}, {"model": "operation.usercourse", "pk": 5, "fields": {"user": 2, "course": 5, "add_time": "2016-12-08T22:06:35"}}, {"model": "operation.usercourse", "pk": 6, "fields": {"user": 2, "course": 9, "add_time": "2016-12-08T22:09:54"}}, {"model": "operation.usercourse", "pk": 7, "fields": {"user": 2, "course": 13, "add_time": "2016-12-10T23:57:08"}}]